antecedents,consequents,antecedent support,consequent support,support,confidence,lift,representativity,leverage,conviction,zhangs_metric,jaccard,certainty,kulczynski
"frozenset({'numpy', '深度学习'})",frozenset({'pytorch'}),0.06666666666666667,0.06666666666666667,0.06666666666666667,1.0,15.0,1.0,0.06222222222222222,inf,1.0,1.0,1.0,1.0
frozenset({'pytorch'}),"frozenset({'numpy', '深度学习'})",0.06666666666666667,0.06666666666666667,0.06666666666666667,1.0,15.0,1.0,0.06222222222222222,inf,1.0,1.0,1.0,1.0
"frozenset({'python', 'numpy', '深度学习'})",frozenset({'pytorch'}),0.06666666666666667,0.06666666666666667,0.06666666666666667,1.0,15.0,1.0,0.06222222222222222,inf,1.0,1.0,1.0,1.0
"frozenset({'python', 'pytorch'})","frozenset({'numpy', '深度学习'})",0.06666666666666667,0.06666666666666667,0.06666666666666667,1.0,15.0,1.0,0.06222222222222222,inf,1.0,1.0,1.0,1.0
"frozenset({'numpy', '深度学习'})","frozenset({'python', 'pytorch'})",0.06666666666666667,0.06666666666666667,0.06666666666666667,1.0,15.0,1.0,0.06222222222222222,inf,1.0,1.0,1.0,1.0
frozenset({'pytorch'}),"frozenset({'python', 'numpy', '深度学习'})",0.06666666666666667,0.06666666666666667,0.06666666666666667,1.0,15.0,1.0,0.06222222222222222,inf,1.0,1.0,1.0,1.0
frozenset({'tensorflow'}),frozenset({'深度学习'}),0.06666666666666667,0.1,0.06666666666666667,1.0,10.0,1.0,0.06,inf,0.9642857142857143,0.6666666666666665,1.0,0.8333333333333333
frozenset({'pytorch'}),frozenset({'深度学习'}),0.06666666666666667,0.1,0.06666666666666667,1.0,10.0,1.0,0.06,inf,0.9642857142857143,0.6666666666666665,1.0,0.8333333333333333
"frozenset({'python', 'pytorch'})",frozenset({'深度学习'}),0.06666666666666667,0.1,0.06666666666666667,1.0,10.0,1.0,0.06,inf,0.9642857142857143,0.6666666666666665,1.0,0.8333333333333333
frozenset({'pytorch'}),"frozenset({'python', '深度学习'})",0.06666666666666667,0.1,0.06666666666666667,1.0,10.0,1.0,0.06,inf,0.9642857142857143,0.6666666666666665,1.0,0.8333333333333333
"frozenset({'numpy', 'pytorch'})",frozenset({'深度学习'}),0.06666666666666667,0.1,0.06666666666666667,1.0,10.0,1.0,0.06,inf,0.9642857142857143,0.6666666666666665,1.0,0.8333333333333333
"frozenset({'数据分析', 'numpy'})",frozenset({'pandas'}),0.06666666666666667,0.1,0.06666666666666667,1.0,10.0,1.0,0.06,inf,0.9642857142857143,0.6666666666666665,1.0,0.8333333333333333
"frozenset({'python', 'tensorflow'})",frozenset({'深度学习'}),0.06666666666666667,0.1,0.06666666666666667,1.0,10.0,1.0,0.06,inf,0.9642857142857143,0.6666666666666665,1.0,0.8333333333333333
frozenset({'tensorflow'}),"frozenset({'python', '深度学习'})",0.06666666666666667,0.1,0.06666666666666667,1.0,10.0,1.0,0.06,inf,0.9642857142857143,0.6666666666666665,1.0,0.8333333333333333
"frozenset({'python', 'numpy', '数据分析'})",frozenset({'pandas'}),0.06666666666666667,0.1,0.06666666666666667,1.0,10.0,1.0,0.06,inf,0.9642857142857143,0.6666666666666665,1.0,0.8333333333333333
"frozenset({'数据分析', 'numpy'})","frozenset({'python', 'pandas'})",0.06666666666666667,0.1,0.06666666666666667,1.0,10.0,1.0,0.06,inf,0.9642857142857143,0.6666666666666665,1.0,0.8333333333333333
"frozenset({'python', 'numpy', 'pytorch'})",frozenset({'深度学习'}),0.06666666666666667,0.1,0.06666666666666667,1.0,10.0,1.0,0.06,inf,0.9642857142857143,0.6666666666666665,1.0,0.8333333333333333
"frozenset({'numpy', 'pytorch'})","frozenset({'python', '深度学习'})",0.06666666666666667,0.1,0.06666666666666667,1.0,10.0,1.0,0.06,inf,0.9642857142857143,0.6666666666666665,1.0,0.8333333333333333
frozenset({'深度学习'}),frozenset({'tensorflow'}),0.1,0.06666666666666667,0.06666666666666667,0.6666666666666666,10.0,1.0,0.06,2.8,1.0,0.6666666666666665,0.6428571428571428,0.8333333333333333
frozenset({'深度学习'}),frozenset({'pytorch'}),0.1,0.06666666666666667,0.06666666666666667,0.6666666666666666,10.0,1.0,0.06,2.8,1.0,0.6666666666666665,0.6428571428571428,0.8333333333333333
"frozenset({'python', '深度学习'})",frozenset({'pytorch'}),0.1,0.06666666666666667,0.06666666666666667,0.6666666666666666,10.0,1.0,0.06,2.8,1.0,0.6666666666666665,0.6428571428571428,0.8333333333333333
frozenset({'深度学习'}),"frozenset({'python', 'pytorch'})",0.1,0.06666666666666667,0.06666666666666667,0.6666666666666666,10.0,1.0,0.06,2.8,1.0,0.6666666666666665,0.6428571428571428,0.8333333333333333
frozenset({'深度学习'}),"frozenset({'numpy', 'pytorch'})",0.1,0.06666666666666667,0.06666666666666667,0.6666666666666666,10.0,1.0,0.06,2.8,1.0,0.6666666666666665,0.6428571428571428,0.8333333333333333
frozenset({'pandas'}),"frozenset({'数据分析', 'numpy'})",0.1,0.06666666666666667,0.06666666666666667,0.6666666666666666,10.0,1.0,0.06,2.8,1.0,0.6666666666666665,0.6428571428571428,0.8333333333333333
"frozenset({'python', '深度学习'})",frozenset({'tensorflow'}),0.1,0.06666666666666667,0.06666666666666667,0.6666666666666666,10.0,1.0,0.06,2.8,1.0,0.6666666666666665,0.6428571428571428,0.8333333333333333
frozenset({'深度学习'}),"frozenset({'python', 'tensorflow'})",0.1,0.06666666666666667,0.06666666666666667,0.6666666666666666,10.0,1.0,0.06,2.8,1.0,0.6666666666666665,0.6428571428571428,0.8333333333333333
"frozenset({'python', 'pandas'})","frozenset({'数据分析', 'numpy'})",0.1,0.06666666666666667,0.06666666666666667,0.6666666666666666,10.0,1.0,0.06,2.8,1.0,0.6666666666666665,0.6428571428571428,0.8333333333333333
frozenset({'pandas'}),"frozenset({'python', 'numpy', '数据分析'})",0.1,0.06666666666666667,0.06666666666666667,0.6666666666666666,10.0,1.0,0.06,2.8,1.0,0.6666666666666665,0.6428571428571428,0.8333333333333333
"frozenset({'python', '深度学习'})","frozenset({'numpy', 'pytorch'})",0.1,0.06666666666666667,0.06666666666666667,0.6666666666666666,10.0,1.0,0.06,2.8,1.0,0.6666666666666665,0.6428571428571428,0.8333333333333333
frozenset({'深度学习'}),"frozenset({'python', 'numpy', 'pytorch'})",0.1,0.06666666666666667,0.06666666666666667,0.6666666666666666,10.0,1.0,0.06,2.8,1.0,0.6666666666666665,0.6428571428571428,0.8333333333333333
frozenset({'javascript'}),frozenset({'前端'}),0.13333333333333333,0.13333333333333333,0.13333333333333333,1.0,7.5,1.0,0.11555555555555555,inf,0.9999999999999999,1.0,1.0,1.0
frozenset({'前端'}),frozenset({'javascript'}),0.13333333333333333,0.13333333333333333,0.13333333333333333,1.0,7.5,1.0,0.11555555555555555,inf,0.9999999999999999,1.0,1.0,1.0
"frozenset({'javascript', '前端'})",frozenset({'css'}),0.13333333333333333,0.13333333333333333,0.13333333333333333,1.0,7.5,1.0,0.11555555555555555,inf,0.9999999999999999,1.0,1.0,1.0
"frozenset({'javascript', 'css'})",frozenset({'前端'}),0.13333333333333333,0.13333333333333333,0.13333333333333333,1.0,7.5,1.0,0.11555555555555555,inf,0.9999999999999999,1.0,1.0,1.0
"frozenset({'前端', 'css'})",frozenset({'javascript'}),0.13333333333333333,0.13333333333333333,0.13333333333333333,1.0,7.5,1.0,0.11555555555555555,inf,0.9999999999999999,1.0,1.0,1.0
frozenset({'javascript'}),"frozenset({'前端', 'css'})",0.13333333333333333,0.13333333333333333,0.13333333333333333,1.0,7.5,1.0,0.11555555555555555,inf,0.9999999999999999,1.0,1.0,1.0
frozenset({'前端'}),"frozenset({'javascript', 'css'})",0.13333333333333333,0.13333333333333333,0.13333333333333333,1.0,7.5,1.0,0.11555555555555555,inf,0.9999999999999999,1.0,1.0,1.0
frozenset({'css'}),"frozenset({'javascript', '前端'})",0.13333333333333333,0.13333333333333333,0.13333333333333333,1.0,7.5,1.0,0.11555555555555555,inf,0.9999999999999999,1.0,1.0,1.0
frozenset({'javascript'}),frozenset({'css'}),0.13333333333333333,0.13333333333333333,0.13333333333333333,1.0,7.5,1.0,0.11555555555555555,inf,0.9999999999999999,1.0,1.0,1.0
frozenset({'css'}),frozenset({'javascript'}),0.13333333333333333,0.13333333333333333,0.13333333333333333,1.0,7.5,1.0,0.11555555555555555,inf,0.9999999999999999,1.0,1.0,1.0
"frozenset({'hadoop', '机器学习'})",frozenset({'spark'}),0.13333333333333333,0.13333333333333333,0.13333333333333333,1.0,7.5,1.0,0.11555555555555555,inf,0.9999999999999999,1.0,1.0,1.0
"frozenset({'spark', '机器学习'})",frozenset({'hadoop'}),0.13333333333333333,0.13333333333333333,0.13333333333333333,1.0,7.5,1.0,0.11555555555555555,inf,0.9999999999999999,1.0,1.0,1.0
frozenset({'hadoop'}),"frozenset({'spark', '机器学习'})",0.13333333333333333,0.13333333333333333,0.13333333333333333,1.0,7.5,1.0,0.11555555555555555,inf,0.9999999999999999,1.0,1.0,1.0
frozenset({'spark'}),"frozenset({'hadoop', '机器学习'})",0.13333333333333333,0.13333333333333333,0.13333333333333333,1.0,7.5,1.0,0.11555555555555555,inf,0.9999999999999999,1.0,1.0,1.0
"frozenset({'python', 'spark'})",frozenset({'hadoop'}),0.13333333333333333,0.13333333333333333,0.13333333333333333,1.0,7.5,1.0,0.11555555555555555,inf,0.9999999999999999,1.0,1.0,1.0
"frozenset({'python', 'hadoop'})",frozenset({'spark'}),0.13333333333333333,0.13333333333333333,0.13333333333333333,1.0,7.5,1.0,0.11555555555555555,inf,0.9999999999999999,1.0,1.0,1.0
frozenset({'spark'}),"frozenset({'python', 'hadoop'})",0.13333333333333333,0.13333333333333333,0.13333333333333333,1.0,7.5,1.0,0.11555555555555555,inf,0.9999999999999999,1.0,1.0,1.0
frozenset({'hadoop'}),"frozenset({'python', 'spark'})",0.13333333333333333,0.13333333333333333,0.13333333333333333,1.0,7.5,1.0,0.11555555555555555,inf,0.9999999999999999,1.0,1.0,1.0
frozenset({'hadoop'}),frozenset({'spark'}),0.13333333333333333,0.13333333333333333,0.13333333333333333,1.0,7.5,1.0,0.11555555555555555,inf,0.9999999999999999,1.0,1.0,1.0
frozenset({'spark'}),frozenset({'hadoop'}),0.13333333333333333,0.13333333333333333,0.13333333333333333,1.0,7.5,1.0,0.11555555555555555,inf,0.9999999999999999,1.0,1.0,1.0
frozenset({'前端'}),frozenset({'css'}),0.13333333333333333,0.13333333333333333,0.13333333333333333,1.0,7.5,1.0,0.11555555555555555,inf,0.9999999999999999,1.0,1.0,1.0
frozenset({'css'}),frozenset({'前端'}),0.13333333333333333,0.13333333333333333,0.13333333333333333,1.0,7.5,1.0,0.11555555555555555,inf,0.9999999999999999,1.0,1.0,1.0
"frozenset({'python', 'spark', '机器学习'})",frozenset({'hadoop'}),0.13333333333333333,0.13333333333333333,0.13333333333333333,1.0,7.5,1.0,0.11555555555555555,inf,0.9999999999999999,1.0,1.0,1.0
"frozenset({'python', '机器学习', 'hadoop'})",frozenset({'spark'}),0.13333333333333333,0.13333333333333333,0.13333333333333333,1.0,7.5,1.0,0.11555555555555555,inf,0.9999999999999999,1.0,1.0,1.0
"frozenset({'python', 'spark'})","frozenset({'hadoop', '机器学习'})",0.13333333333333333,0.13333333333333333,0.13333333333333333,1.0,7.5,1.0,0.11555555555555555,inf,0.9999999999999999,1.0,1.0,1.0
"frozenset({'python', 'hadoop'})","frozenset({'spark', '机器学习'})",0.13333333333333333,0.13333333333333333,0.13333333333333333,1.0,7.5,1.0,0.11555555555555555,inf,0.9999999999999999,1.0,1.0,1.0
"frozenset({'spark', '机器学习'})","frozenset({'python', 'hadoop'})",0.13333333333333333,0.13333333333333333,0.13333333333333333,1.0,7.5,1.0,0.11555555555555555,inf,0.9999999999999999,1.0,1.0,1.0
"frozenset({'hadoop', '机器学习'})","frozenset({'python', 'spark'})",0.13333333333333333,0.13333333333333333,0.13333333333333333,1.0,7.5,1.0,0.11555555555555555,inf,0.9999999999999999,1.0,1.0,1.0
frozenset({'spark'}),"frozenset({'python', '机器学习', 'hadoop'})",0.13333333333333333,0.13333333333333333,0.13333333333333333,1.0,7.5,1.0,0.11555555555555555,inf,0.9999999999999999,1.0,1.0,1.0
frozenset({'hadoop'}),"frozenset({'python', 'spark', '机器学习'})",0.13333333333333333,0.13333333333333333,0.13333333333333333,1.0,7.5,1.0,0.11555555555555555,inf,0.9999999999999999,1.0,1.0,1.0
frozenset({'vue'}),frozenset({'css'}),0.1,0.13333333333333333,0.1,1.0,7.5,1.0,0.08666666666666667,inf,0.9629629629629629,0.75,1.0,0.875
"frozenset({'vue', '前端'})",frozenset({'css'}),0.1,0.13333333333333333,0.1,1.0,7.5,1.0,0.08666666666666667,inf,0.9629629629629629,0.75,1.0,0.875
"frozenset({'vue', 'css'})",frozenset({'前端'}),0.1,0.13333333333333333,0.1,1.0,7.5,1.0,0.08666666666666667,inf,0.9629629629629629,0.75,1.0,0.875
frozenset({'vue'}),"frozenset({'前端', 'css'})",0.1,0.13333333333333333,0.1,1.0,7.5,1.0,0.08666666666666667,inf,0.9629629629629629,0.75,1.0,0.875
frozenset({'vue'}),frozenset({'前端'}),0.1,0.13333333333333333,0.1,1.0,7.5,1.0,0.08666666666666667,inf,0.9629629629629629,0.75,1.0,0.875
"frozenset({'vue', 'javascript'})",frozenset({'css'}),0.1,0.13333333333333333,0.1,1.0,7.5,1.0,0.08666666666666667,inf,0.9629629629629629,0.75,1.0,0.875
"frozenset({'vue', 'css'})",frozenset({'javascript'}),0.1,0.13333333333333333,0.1,1.0,7.5,1.0,0.08666666666666667,inf,0.9629629629629629,0.75,1.0,0.875
frozenset({'vue'}),"frozenset({'javascript', 'css'})",0.1,0.13333333333333333,0.1,1.0,7.5,1.0,0.08666666666666667,inf,0.9629629629629629,0.75,1.0,0.875
frozenset({'vue'}),frozenset({'javascript'}),0.1,0.13333333333333333,0.1,1.0,7.5,1.0,0.08666666666666667,inf,0.9629629629629629,0.75,1.0,0.875
"frozenset({'vue', 'javascript'})",frozenset({'前端'}),0.1,0.13333333333333333,0.1,1.0,7.5,1.0,0.08666666666666667,inf,0.9629629629629629,0.75,1.0,0.875
"frozenset({'vue', '前端'})",frozenset({'javascript'}),0.1,0.13333333333333333,0.1,1.0,7.5,1.0,0.08666666666666667,inf,0.9629629629629629,0.75,1.0,0.875
frozenset({'vue'}),"frozenset({'javascript', '前端'})",0.1,0.13333333333333333,0.1,1.0,7.5,1.0,0.08666666666666667,inf,0.9629629629629629,0.75,1.0,0.875
"frozenset({'vue', 'javascript', '前端'})",frozenset({'css'}),0.1,0.13333333333333333,0.1,1.0,7.5,1.0,0.08666666666666667,inf,0.9629629629629629,0.75,1.0,0.875
"frozenset({'vue', 'javascript', 'css'})",frozenset({'前端'}),0.1,0.13333333333333333,0.1,1.0,7.5,1.0,0.08666666666666667,inf,0.9629629629629629,0.75,1.0,0.875
"frozenset({'vue', '前端', 'css'})",frozenset({'javascript'}),0.1,0.13333333333333333,0.1,1.0,7.5,1.0,0.08666666666666667,inf,0.9629629629629629,0.75,1.0,0.875
"frozenset({'vue', 'javascript'})","frozenset({'前端', 'css'})",0.1,0.13333333333333333,0.1,1.0,7.5,1.0,0.08666666666666667,inf,0.9629629629629629,0.75,1.0,0.875
"frozenset({'vue', '前端'})","frozenset({'javascript', 'css'})",0.1,0.13333333333333333,0.1,1.0,7.5,1.0,0.08666666666666667,inf,0.9629629629629629,0.75,1.0,0.875
"frozenset({'vue', 'css'})","frozenset({'javascript', '前端'})",0.1,0.13333333333333333,0.1,1.0,7.5,1.0,0.08666666666666667,inf,0.9629629629629629,0.75,1.0,0.875
frozenset({'vue'}),"frozenset({'javascript', '前端', 'css'})",0.1,0.13333333333333333,0.1,1.0,7.5,1.0,0.08666666666666667,inf,0.9629629629629629,0.75,1.0,0.875
"frozenset({'react', '前端'})",frozenset({'css'}),0.06666666666666667,0.13333333333333333,0.06666666666666667,1.0,7.5,1.0,0.057777777777777775,inf,0.9285714285714286,0.4999999999999999,1.0,0.75
"frozenset({'react', 'css'})",frozenset({'前端'}),0.06666666666666667,0.13333333333333333,0.06666666666666667,1.0,7.5,1.0,0.057777777777777775,inf,0.9285714285714286,0.4999999999999999,1.0,0.75
frozenset({'react'}),"frozenset({'前端', 'css'})",0.06666666666666667,0.13333333333333333,0.06666666666666667,1.0,7.5,1.0,0.057777777777777775,inf,0.9285714285714286,0.4999999999999999,1.0,0.75
frozenset({'react'}),frozenset({'css'}),0.06666666666666667,0.13333333333333333,0.06666666666666667,1.0,7.5,1.0,0.057777777777777775,inf,0.9285714285714286,0.4999999999999999,1.0,0.75
"frozenset({'react', 'javascript'})",frozenset({'css'}),0.06666666666666667,0.13333333333333333,0.06666666666666667,1.0,7.5,1.0,0.057777777777777775,inf,0.9285714285714286,0.4999999999999999,1.0,0.75
"frozenset({'react', 'css'})",frozenset({'javascript'}),0.06666666666666667,0.13333333333333333,0.06666666666666667,1.0,7.5,1.0,0.057777777777777775,inf,0.9285714285714286,0.4999999999999999,1.0,0.75
frozenset({'react'}),"frozenset({'javascript', 'css'})",0.06666666666666667,0.13333333333333333,0.06666666666666667,1.0,7.5,1.0,0.057777777777777775,inf,0.9285714285714286,0.4999999999999999,1.0,0.75
frozenset({'react'}),frozenset({'前端'}),0.06666666666666667,0.13333333333333333,0.06666666666666667,1.0,7.5,1.0,0.057777777777777775,inf,0.9285714285714286,0.4999999999999999,1.0,0.75
frozenset({'pytorch'}),frozenset({'numpy'}),0.06666666666666667,0.13333333333333333,0.06666666666666667,1.0,7.5,1.0,0.057777777777777775,inf,0.9285714285714286,0.4999999999999999,1.0,0.75
frozenset({'react'}),frozenset({'javascript'}),0.06666666666666667,0.13333333333333333,0.06666666666666667,1.0,7.5,1.0,0.057777777777777775,inf,0.9285714285714286,0.4999999999999999,1.0,0.75
frozenset({'k8s'}),"frozenset({'docker', '微服务'})",0.06666666666666667,0.13333333333333333,0.06666666666666667,1.0,7.5,1.0,0.057777777777777775,inf,0.9285714285714286,0.4999999999999999,1.0,0.75
"frozenset({'深度学习', 'pytorch'})",frozenset({'numpy'}),0.06666666666666667,0.13333333333333333,0.06666666666666667,1.0,7.5,1.0,0.057777777777777775,inf,0.9285714285714286,0.4999999999999999,1.0,0.75
"frozenset({'python', 'pytorch'})",frozenset({'numpy'}),0.06666666666666667,0.13333333333333333,0.06666666666666667,1.0,7.5,1.0,0.057777777777777775,inf,0.9285714285714286,0.4999999999999999,1.0,0.75
frozenset({'pytorch'}),"frozenset({'python', 'numpy'})",0.06666666666666667,0.13333333333333333,0.06666666666666667,1.0,7.5,1.0,0.057777777777777775,inf,0.9285714285714286,0.4999999999999999,1.0,0.75
"frozenset({'react', '前端'})",frozenset({'javascript'}),0.06666666666666667,0.13333333333333333,0.06666666666666667,1.0,7.5,1.0,0.057777777777777775,inf,0.9285714285714286,0.4999999999999999,1.0,0.75
"frozenset({'react', 'javascript'})",frozenset({'前端'}),0.06666666666666667,0.13333333333333333,0.06666666666666667,1.0,7.5,1.0,0.057777777777777775,inf,0.9285714285714286,0.4999999999999999,1.0,0.75
frozenset({'react'}),"frozenset({'javascript', '前端'})",0.06666666666666667,0.13333333333333333,0.06666666666666667,1.0,7.5,1.0,0.057777777777777775,inf,0.9285714285714286,0.4999999999999999,1.0,0.75
"frozenset({'react', 'javascript', '前端'})",frozenset({'css'}),0.06666666666666667,0.13333333333333333,0.06666666666666667,1.0,7.5,1.0,0.057777777777777775,inf,0.9285714285714286,0.4999999999999999,1.0,0.75
"frozenset({'react', 'javascript', 'css'})",frozenset({'前端'}),0.06666666666666667,0.13333333333333333,0.06666666666666667,1.0,7.5,1.0,0.057777777777777775,inf,0.9285714285714286,0.4999999999999999,1.0,0.75
"frozenset({'react', '前端', 'css'})",frozenset({'javascript'}),0.06666666666666667,0.13333333333333333,0.06666666666666667,1.0,7.5,1.0,0.057777777777777775,inf,0.9285714285714286,0.4999999999999999,1.0,0.75
"frozenset({'react', 'javascript'})","frozenset({'前端', 'css'})",0.06666666666666667,0.13333333333333333,0.06666666666666667,1.0,7.5,1.0,0.057777777777777775,inf,0.9285714285714286,0.4999999999999999,1.0,0.75
"frozenset({'react', '前端'})","frozenset({'javascript', 'css'})",0.06666666666666667,0.13333333333333333,0.06666666666666667,1.0,7.5,1.0,0.057777777777777775,inf,0.9285714285714286,0.4999999999999999,1.0,0.75
"frozenset({'react', 'css'})","frozenset({'javascript', '前端'})",0.06666666666666667,0.13333333333333333,0.06666666666666667,1.0,7.5,1.0,0.057777777777777775,inf,0.9285714285714286,0.4999999999999999,1.0,0.75
frozenset({'react'}),"frozenset({'javascript', '前端', 'css'})",0.06666666666666667,0.13333333333333333,0.06666666666666667,1.0,7.5,1.0,0.057777777777777775,inf,0.9285714285714286,0.4999999999999999,1.0,0.75
"frozenset({'java', 'k8s'})","frozenset({'docker', '微服务'})",0.06666666666666667,0.13333333333333333,0.06666666666666667,1.0,7.5,1.0,0.057777777777777775,inf,0.9285714285714286,0.4999999999999999,1.0,0.75
frozenset({'k8s'}),"frozenset({'docker', 'java', '微服务'})",0.06666666666666667,0.13333333333333333,0.06666666666666667,1.0,7.5,1.0,0.057777777777777775,inf,0.9285714285714286,0.4999999999999999,1.0,0.75
"frozenset({'spring', 'k8s'})","frozenset({'docker', '微服务'})",0.06666666666666667,0.13333333333333333,0.06666666666666667,1.0,7.5,1.0,0.057777777777777775,inf,0.9285714285714286,0.4999999999999999,1.0,0.75
frozenset({'k8s'}),"frozenset({'docker', 'spring', '微服务'})",0.06666666666666667,0.13333333333333333,0.06666666666666667,1.0,7.5,1.0,0.057777777777777775,inf,0.9285714285714286,0.4999999999999999,1.0,0.75
frozenset({'tableau'}),"frozenset({'数据分析', 'sql'})",0.06666666666666667,0.13333333333333333,0.06666666666666667,1.0,7.5,1.0,0.057777777777777775,inf,0.9285714285714286,0.4999999999999999,1.0,0.75
"frozenset({'python', '深度学习', 'pytorch'})",frozenset({'numpy'}),0.06666666666666667,0.13333333333333333,0.06666666666666667,1.0,7.5,1.0,0.057777777777777775,inf,0.9285714285714286,0.4999999999999999,1.0,0.75
"frozenset({'深度学习', 'pytorch'})","frozenset({'python', 'numpy'})",0.06666666666666667,0.13333333333333333,0.06666666666666667,1.0,7.5,1.0,0.057777777777777775,inf,0.9285714285714286,0.4999999999999999,1.0,0.75
"frozenset({'spring', 'java', 'k8s'})","frozenset({'docker', '微服务'})",0.06666666666666667,0.13333333333333333,0.06666666666666667,1.0,7.5,1.0,0.057777777777777775,inf,0.9285714285714286,0.4999999999999999,1.0,0.75
"frozenset({'java', 'k8s'})","frozenset({'docker', 'spring', '微服务'})",0.06666666666666667,0.13333333333333333,0.06666666666666667,1.0,7.5,1.0,0.057777777777777775,inf,0.9285714285714286,0.4999999999999999,1.0,0.75
"frozenset({'spring', 'k8s'})","frozenset({'docker', 'java', '微服务'})",0.06666666666666667,0.13333333333333333,0.06666666666666667,1.0,7.5,1.0,0.057777777777777775,inf,0.9285714285714286,0.4999999999999999,1.0,0.75
frozenset({'k8s'}),"frozenset({'docker', 'spring', 'java', '微服务'})",0.06666666666666667,0.13333333333333333,0.06666666666666667,1.0,7.5,1.0,0.057777777777777775,inf,0.9285714285714286,0.4999999999999999,1.0,0.75
"frozenset({'python', 'tableau'})","frozenset({'数据分析', 'sql'})",0.06666666666666667,0.13333333333333333,0.06666666666666667,1.0,7.5,1.0,0.057777777777777775,inf,0.9285714285714286,0.4999999999999999,1.0,0.75
frozenset({'tableau'}),"frozenset({'python', '数据分析', 'sql'})",0.06666666666666667,0.13333333333333333,0.06666666666666667,1.0,7.5,1.0,0.057777777777777775,inf,0.9285714285714286,0.4999999999999999,1.0,0.75
frozenset({'css'}),frozenset({'vue'}),0.13333333333333333,0.1,0.1,0.75,7.5,1.0,0.08666666666666667,3.6,1.0,0.75,0.7222222222222222,0.875
"frozenset({'前端', 'css'})",frozenset({'vue'}),0.13333333333333333,0.1,0.1,0.75,7.5,1.0,0.08666666666666667,3.6,1.0,0.75,0.7222222222222222,0.875
frozenset({'前端'}),"frozenset({'vue', 'css'})",0.13333333333333333,0.1,0.1,0.75,7.5,1.0,0.08666666666666667,3.6,1.0,0.75,0.7222222222222222,0.875
frozenset({'css'}),"frozenset({'vue', '前端'})",0.13333333333333333,0.1,0.1,0.75,7.5,1.0,0.08666666666666667,3.6,1.0,0.75,0.7222222222222222,0.875
frozenset({'前端'}),frozenset({'vue'}),0.13333333333333333,0.1,0.1,0.75,7.5,1.0,0.08666666666666667,3.6,1.0,0.75,0.7222222222222222,0.875
"frozenset({'javascript', 'css'})",frozenset({'vue'}),0.13333333333333333,0.1,0.1,0.75,7.5,1.0,0.08666666666666667,3.6,1.0,0.75,0.7222222222222222,0.875
frozenset({'javascript'}),"frozenset({'vue', 'css'})",0.13333333333333333,0.1,0.1,0.75,7.5,1.0,0.08666666666666667,3.6,1.0,0.75,0.7222222222222222,0.875
frozenset({'css'}),"frozenset({'vue', 'javascript'})",0.13333333333333333,0.1,0.1,0.75,7.5,1.0,0.08666666666666667,3.6,1.0,0.75,0.7222222222222222,0.875
frozenset({'javascript'}),frozenset({'vue'}),0.13333333333333333,0.1,0.1,0.75,7.5,1.0,0.08666666666666667,3.6,1.0,0.75,0.7222222222222222,0.875
"frozenset({'javascript', '前端'})",frozenset({'vue'}),0.13333333333333333,0.1,0.1,0.75,7.5,1.0,0.08666666666666667,3.6,1.0,0.75,0.7222222222222222,0.875
frozenset({'javascript'}),"frozenset({'vue', '前端'})",0.13333333333333333,0.1,0.1,0.75,7.5,1.0,0.08666666666666667,3.6,1.0,0.75,0.7222222222222222,0.875
frozenset({'前端'}),"frozenset({'vue', 'javascript'})",0.13333333333333333,0.1,0.1,0.75,7.5,1.0,0.08666666666666667,3.6,1.0,0.75,0.7222222222222222,0.875
"frozenset({'javascript', '前端', 'css'})",frozenset({'vue'}),0.13333333333333333,0.1,0.1,0.75,7.5,1.0,0.08666666666666667,3.6,1.0,0.75,0.7222222222222222,0.875
"frozenset({'javascript', '前端'})","frozenset({'vue', 'css'})",0.13333333333333333,0.1,0.1,0.75,7.5,1.0,0.08666666666666667,3.6,1.0,0.75,0.7222222222222222,0.875
"frozenset({'javascript', 'css'})","frozenset({'vue', '前端'})",0.13333333333333333,0.1,0.1,0.75,7.5,1.0,0.08666666666666667,3.6,1.0,0.75,0.7222222222222222,0.875
"frozenset({'前端', 'css'})","frozenset({'vue', 'javascript'})",0.13333333333333333,0.1,0.1,0.75,7.5,1.0,0.08666666666666667,3.6,1.0,0.75,0.7222222222222222,0.875
frozenset({'javascript'}),"frozenset({'vue', '前端', 'css'})",0.13333333333333333,0.1,0.1,0.75,7.5,1.0,0.08666666666666667,3.6,1.0,0.75,0.7222222222222222,0.875
frozenset({'前端'}),"frozenset({'vue', 'javascript', 'css'})",0.13333333333333333,0.1,0.1,0.75,7.5,1.0,0.08666666666666667,3.6,1.0,0.75,0.7222222222222222,0.875
frozenset({'css'}),"frozenset({'vue', 'javascript', '前端'})",0.13333333333333333,0.1,0.1,0.75,7.5,1.0,0.08666666666666667,3.6,1.0,0.75,0.7222222222222222,0.875
"frozenset({'前端', 'css'})",frozenset({'react'}),0.13333333333333333,0.06666666666666667,0.06666666666666667,0.5,7.5,1.0,0.057777777777777775,1.8666666666666667,0.9999999999999999,0.4999999999999999,0.4642857142857143,0.75
frozenset({'前端'}),"frozenset({'react', 'css'})",0.13333333333333333,0.06666666666666667,0.06666666666666667,0.5,7.5,1.0,0.057777777777777775,1.8666666666666667,0.9999999999999999,0.4999999999999999,0.4642857142857143,0.75
frozenset({'css'}),"frozenset({'react', '前端'})",0.13333333333333333,0.06666666666666667,0.06666666666666667,0.5,7.5,1.0,0.057777777777777775,1.8666666666666667,0.9999999999999999,0.4999999999999999,0.4642857142857143,0.75
frozenset({'css'}),frozenset({'react'}),0.13333333333333333,0.06666666666666667,0.06666666666666667,0.5,7.5,1.0,0.057777777777777775,1.8666666666666667,0.9999999999999999,0.4999999999999999,0.4642857142857143,0.75
"frozenset({'javascript', 'css'})",frozenset({'react'}),0.13333333333333333,0.06666666666666667,0.06666666666666667,0.5,7.5,1.0,0.057777777777777775,1.8666666666666667,0.9999999999999999,0.4999999999999999,0.4642857142857143,0.75
frozenset({'javascript'}),"frozenset({'react', 'css'})",0.13333333333333333,0.06666666666666667,0.06666666666666667,0.5,7.5,1.0,0.057777777777777775,1.8666666666666667,0.9999999999999999,0.4999999999999999,0.4642857142857143,0.75
frozenset({'css'}),"frozenset({'react', 'javascript'})",0.13333333333333333,0.06666666666666667,0.06666666666666667,0.5,7.5,1.0,0.057777777777777775,1.8666666666666667,0.9999999999999999,0.4999999999999999,0.4642857142857143,0.75
frozenset({'前端'}),frozenset({'react'}),0.13333333333333333,0.06666666666666667,0.06666666666666667,0.5,7.5,1.0,0.057777777777777775,1.8666666666666667,0.9999999999999999,0.4999999999999999,0.4642857142857143,0.75
frozenset({'numpy'}),frozenset({'pytorch'}),0.13333333333333333,0.06666666666666667,0.06666666666666667,0.5,7.5,1.0,0.057777777777777775,1.8666666666666667,0.9999999999999999,0.4999999999999999,0.4642857142857143,0.75
frozenset({'javascript'}),frozenset({'react'}),0.13333333333333333,0.06666666666666667,0.06666666666666667,0.5,7.5,1.0,0.057777777777777775,1.8666666666666667,0.9999999999999999,0.4999999999999999,0.4642857142857143,0.75
"frozenset({'docker', '微服务'})",frozenset({'k8s'}),0.13333333333333333,0.06666666666666667,0.06666666666666667,0.5,7.5,1.0,0.057777777777777775,1.8666666666666667,0.9999999999999999,0.4999999999999999,0.4642857142857143,0.75
frozenset({'numpy'}),"frozenset({'深度学习', 'pytorch'})",0.13333333333333333,0.06666666666666667,0.06666666666666667,0.5,7.5,1.0,0.057777777777777775,1.8666666666666667,0.9999999999999999,0.4999999999999999,0.4642857142857143,0.75
"frozenset({'python', 'numpy'})",frozenset({'pytorch'}),0.13333333333333333,0.06666666666666667,0.06666666666666667,0.5,7.5,1.0,0.057777777777777775,1.8666666666666667,0.9999999999999999,0.4999999999999999,0.4642857142857143,0.75
frozenset({'numpy'}),"frozenset({'python', 'pytorch'})",0.13333333333333333,0.06666666666666667,0.06666666666666667,0.5,7.5,1.0,0.057777777777777775,1.8666666666666667,0.9999999999999999,0.4999999999999999,0.4642857142857143,0.75
"frozenset({'javascript', '前端'})",frozenset({'react'}),0.13333333333333333,0.06666666666666667,0.06666666666666667,0.5,7.5,1.0,0.057777777777777775,1.8666666666666667,0.9999999999999999,0.4999999999999999,0.4642857142857143,0.75
frozenset({'前端'}),"frozenset({'react', 'javascript'})",0.13333333333333333,0.06666666666666667,0.06666666666666667,0.5,7.5,1.0,0.057777777777777775,1.8666666666666667,0.9999999999999999,0.4999999999999999,0.4642857142857143,0.75
frozenset({'javascript'}),"frozenset({'react', '前端'})",0.13333333333333333,0.06666666666666667,0.06666666666666667,0.5,7.5,1.0,0.057777777777777775,1.8666666666666667,0.9999999999999999,0.4999999999999999,0.4642857142857143,0.75
"frozenset({'javascript', '前端', 'css'})",frozenset({'react'}),0.13333333333333333,0.06666666666666667,0.06666666666666667,0.5,7.5,1.0,0.057777777777777775,1.8666666666666667,0.9999999999999999,0.4999999999999999,0.4642857142857143,0.75
"frozenset({'javascript', '前端'})","frozenset({'react', 'css'})",0.13333333333333333,0.06666666666666667,0.06666666666666667,0.5,7.5,1.0,0.057777777777777775,1.8666666666666667,0.9999999999999999,0.4999999999999999,0.4642857142857143,0.75
"frozenset({'javascript', 'css'})","frozenset({'react', '前端'})",0.13333333333333333,0.06666666666666667,0.06666666666666667,0.5,7.5,1.0,0.057777777777777775,1.8666666666666667,0.9999999999999999,0.4999999999999999,0.4642857142857143,0.75
"frozenset({'前端', 'css'})","frozenset({'react', 'javascript'})",0.13333333333333333,0.06666666666666667,0.06666666666666667,0.5,7.5,1.0,0.057777777777777775,1.8666666666666667,0.9999999999999999,0.4999999999999999,0.4642857142857143,0.75
frozenset({'javascript'}),"frozenset({'react', '前端', 'css'})",0.13333333333333333,0.06666666666666667,0.06666666666666667,0.5,7.5,1.0,0.057777777777777775,1.8666666666666667,0.9999999999999999,0.4999999999999999,0.4642857142857143,0.75
frozenset({'前端'}),"frozenset({'react', 'javascript', 'css'})",0.13333333333333333,0.06666666666666667,0.06666666666666667,0.5,7.5,1.0,0.057777777777777775,1.8666666666666667,0.9999999999999999,0.4999999999999999,0.4642857142857143,0.75
frozenset({'css'}),"frozenset({'react', 'javascript', '前端'})",0.13333333333333333,0.06666666666666667,0.06666666666666667,0.5,7.5,1.0,0.057777777777777775,1.8666666666666667,0.9999999999999999,0.4999999999999999,0.4642857142857143,0.75
"frozenset({'docker', 'java', '微服务'})",frozenset({'k8s'}),0.13333333333333333,0.06666666666666667,0.06666666666666667,0.5,7.5,1.0,0.057777777777777775,1.8666666666666667,0.9999999999999999,0.4999999999999999,0.4642857142857143,0.75
"frozenset({'docker', '微服务'})","frozenset({'java', 'k8s'})",0.13333333333333333,0.06666666666666667,0.06666666666666667,0.5,7.5,1.0,0.057777777777777775,1.8666666666666667,0.9999999999999999,0.4999999999999999,0.4642857142857143,0.75
"frozenset({'docker', 'spring', '微服务'})",frozenset({'k8s'}),0.13333333333333333,0.06666666666666667,0.06666666666666667,0.5,7.5,1.0,0.057777777777777775,1.8666666666666667,0.9999999999999999,0.4999999999999999,0.4642857142857143,0.75
"frozenset({'docker', '微服务'})","frozenset({'spring', 'k8s'})",0.13333333333333333,0.06666666666666667,0.06666666666666667,0.5,7.5,1.0,0.057777777777777775,1.8666666666666667,0.9999999999999999,0.4999999999999999,0.4642857142857143,0.75
"frozenset({'数据分析', 'sql'})",frozenset({'tableau'}),0.13333333333333333,0.06666666666666667,0.06666666666666667,0.5,7.5,1.0,0.057777777777777775,1.8666666666666667,0.9999999999999999,0.4999999999999999,0.4642857142857143,0.75
"frozenset({'python', 'numpy'})","frozenset({'深度学习', 'pytorch'})",0.13333333333333333,0.06666666666666667,0.06666666666666667,0.5,7.5,1.0,0.057777777777777775,1.8666666666666667,0.9999999999999999,0.4999999999999999,0.4642857142857143,0.75
frozenset({'numpy'}),"frozenset({'python', '深度学习', 'pytorch'})",0.13333333333333333,0.06666666666666667,0.06666666666666667,0.5,7.5,1.0,0.057777777777777775,1.8666666666666667,0.9999999999999999,0.4999999999999999,0.4642857142857143,0.75
"frozenset({'docker', 'spring', 'java', '微服务'})",frozenset({'k8s'}),0.13333333333333333,0.06666666666666667,0.06666666666666667,0.5,7.5,1.0,0.057777777777777775,1.8666666666666667,0.9999999999999999,0.4999999999999999,0.4642857142857143,0.75
"frozenset({'docker', 'java', '微服务'})","frozenset({'spring', 'k8s'})",0.13333333333333333,0.06666666666666667,0.06666666666666667,0.5,7.5,1.0,0.057777777777777775,1.8666666666666667,0.9999999999999999,0.4999999999999999,0.4642857142857143,0.75
"frozenset({'docker', 'spring', '微服务'})","frozenset({'java', 'k8s'})",0.13333333333333333,0.06666666666666667,0.06666666666666667,0.5,7.5,1.0,0.057777777777777775,1.8666666666666667,0.9999999999999999,0.4999999999999999,0.4642857142857143,0.75
"frozenset({'docker', '微服务'})","frozenset({'spring', 'java', 'k8s'})",0.13333333333333333,0.06666666666666667,0.06666666666666667,0.5,7.5,1.0,0.057777777777777775,1.8666666666666667,0.9999999999999999,0.4999999999999999,0.4642857142857143,0.75
"frozenset({'python', '数据分析', 'sql'})",frozenset({'tableau'}),0.13333333333333333,0.06666666666666667,0.06666666666666667,0.5,7.5,1.0,0.057777777777777775,1.8666666666666667,0.9999999999999999,0.4999999999999999,0.4642857142857143,0.75
"frozenset({'数据分析', 'sql'})","frozenset({'python', 'tableau'})",0.13333333333333333,0.06666666666666667,0.06666666666666667,0.5,7.5,1.0,0.057777777777777775,1.8666666666666667,0.9999999999999999,0.4999999999999999,0.4642857142857143,0.75
"frozenset({'spring', '分布式'})","frozenset({'微服务', 'kafka'})",0.1,0.1,0.06666666666666667,0.6666666666666666,6.666666666666666,1.0,0.056666666666666664,2.6999999999999997,0.9444444444444444,0.4999999999999999,0.6296296296296297,0.6666666666666666
"frozenset({'spring', 'kafka'})","frozenset({'分布式', '微服务'})",0.1,0.1,0.06666666666666667,0.6666666666666666,6.666666666666666,1.0,0.056666666666666664,2.6999999999999997,0.9444444444444444,0.4999999999999999,0.6296296296296297,0.6666666666666666
"frozenset({'分布式', '微服务'})","frozenset({'spring', 'kafka'})",0.1,0.1,0.06666666666666667,0.6666666666666666,6.666666666666666,1.0,0.056666666666666664,2.6999999999999997,0.9444444444444444,0.4999999999999999,0.6296296296296297,0.6666666666666666
"frozenset({'微服务', 'kafka'})","frozenset({'spring', '分布式'})",0.1,0.1,0.06666666666666667,0.6666666666666666,6.666666666666666,1.0,0.056666666666666664,2.6999999999999997,0.9444444444444444,0.4999999999999999,0.6296296296296297,0.6666666666666666
"frozenset({'spring', 'java', 'kafka'})","frozenset({'分布式', '微服务'})",0.1,0.1,0.06666666666666667,0.6666666666666666,6.666666666666666,1.0,0.056666666666666664,2.6999999999999997,0.9444444444444444,0.4999999999999999,0.6296296296296297,0.6666666666666666
"frozenset({'java', '微服务', 'kafka'})","frozenset({'spring', '分布式'})",0.1,0.1,0.06666666666666667,0.6666666666666666,6.666666666666666,1.0,0.056666666666666664,2.6999999999999997,0.9444444444444444,0.4999999999999999,0.6296296296296297,0.6666666666666666
"frozenset({'spring', '分布式', 'java'})","frozenset({'微服务', 'kafka'})",0.1,0.1,0.06666666666666667,0.6666666666666666,6.666666666666666,1.0,0.056666666666666664,2.6999999999999997,0.9444444444444444,0.4999999999999999,0.6296296296296297,0.6666666666666666
"frozenset({'分布式', 'java', '微服务'})","frozenset({'spring', 'kafka'})",0.1,0.1,0.06666666666666667,0.6666666666666666,6.666666666666666,1.0,0.056666666666666664,2.6999999999999997,0.9444444444444444,0.4999999999999999,0.6296296296296297,0.6666666666666666
"frozenset({'spring', 'kafka'})","frozenset({'分布式', 'java', '微服务'})",0.1,0.1,0.06666666666666667,0.6666666666666666,6.666666666666666,1.0,0.056666666666666664,2.6999999999999997,0.9444444444444444,0.4999999999999999,0.6296296296296297,0.6666666666666666
"frozenset({'微服务', 'kafka'})","frozenset({'spring', '分布式', 'java'})",0.1,0.1,0.06666666666666667,0.6666666666666666,6.666666666666666,1.0,0.056666666666666664,2.6999999999999997,0.9444444444444444,0.4999999999999999,0.6296296296296297,0.6666666666666666
"frozenset({'spring', '分布式'})","frozenset({'java', '微服务', 'kafka'})",0.1,0.1,0.06666666666666667,0.6666666666666666,6.666666666666666,1.0,0.056666666666666664,2.6999999999999997,0.9444444444444444,0.4999999999999999,0.6296296296296297,0.6666666666666666
"frozenset({'分布式', '微服务'})","frozenset({'spring', 'java', 'kafka'})",0.1,0.1,0.06666666666666667,0.6666666666666666,6.666666666666666,1.0,0.056666666666666664,2.6999999999999997,0.9444444444444444,0.4999999999999999,0.6296296296296297,0.6666666666666666
"frozenset({'spring', 'redis', 'kafka'})","frozenset({'分布式', '微服务'})",0.1,0.1,0.06666666666666667,0.6666666666666666,6.666666666666666,1.0,0.056666666666666664,2.6999999999999997,0.9444444444444444,0.4999999999999999,0.6296296296296297,0.6666666666666666
"frozenset({'redis', '微服务', 'kafka'})","frozenset({'spring', '分布式'})",0.1,0.1,0.06666666666666667,0.6666666666666666,6.666666666666666,1.0,0.056666666666666664,2.6999999999999997,0.9444444444444444,0.4999999999999999,0.6296296296296297,0.6666666666666666
"frozenset({'spring', '分布式', 'redis'})","frozenset({'微服务', 'kafka'})",0.1,0.1,0.06666666666666667,0.6666666666666666,6.666666666666666,1.0,0.056666666666666664,2.6999999999999997,0.9444444444444444,0.4999999999999999,0.6296296296296297,0.6666666666666666
"frozenset({'分布式', 'redis', '微服务'})","frozenset({'spring', 'kafka'})",0.1,0.1,0.06666666666666667,0.6666666666666666,6.666666666666666,1.0,0.056666666666666664,2.6999999999999997,0.9444444444444444,0.4999999999999999,0.6296296296296297,0.6666666666666666
"frozenset({'spring', 'kafka'})","frozenset({'分布式', 'redis', '微服务'})",0.1,0.1,0.06666666666666667,0.6666666666666666,6.666666666666666,1.0,0.056666666666666664,2.6999999999999997,0.9444444444444444,0.4999999999999999,0.6296296296296297,0.6666666666666666
"frozenset({'微服务', 'kafka'})","frozenset({'spring', '分布式', 'redis'})",0.1,0.1,0.06666666666666667,0.6666666666666666,6.666666666666666,1.0,0.056666666666666664,2.6999999999999997,0.9444444444444444,0.4999999999999999,0.6296296296296297,0.6666666666666666
"frozenset({'spring', '分布式'})","frozenset({'redis', '微服务', 'kafka'})",0.1,0.1,0.06666666666666667,0.6666666666666666,6.666666666666666,1.0,0.056666666666666664,2.6999999999999997,0.9444444444444444,0.4999999999999999,0.6296296296296297,0.6666666666666666
"frozenset({'分布式', '微服务'})","frozenset({'spring', 'redis', 'kafka'})",0.1,0.1,0.06666666666666667,0.6666666666666666,6.666666666666666,1.0,0.056666666666666664,2.6999999999999997,0.9444444444444444,0.4999999999999999,0.6296296296296297,0.6666666666666666
"frozenset({'spring', 'java', 'redis', 'kafka'})","frozenset({'分布式', '微服务'})",0.1,0.1,0.06666666666666667,0.6666666666666666,6.666666666666666,1.0,0.056666666666666664,2.6999999999999997,0.9444444444444444,0.4999999999999999,0.6296296296296297,0.6666666666666666
"frozenset({'微服务', 'java', 'redis', 'kafka'})","frozenset({'spring', '分布式'})",0.1,0.1,0.06666666666666667,0.6666666666666666,6.666666666666666,1.0,0.056666666666666664,2.6999999999999997,0.9444444444444444,0.4999999999999999,0.6296296296296297,0.6666666666666666
"frozenset({'spring', '分布式', 'java', 'redis'})","frozenset({'微服务', 'kafka'})",0.1,0.1,0.06666666666666667,0.6666666666666666,6.666666666666666,1.0,0.056666666666666664,2.6999999999999997,0.9444444444444444,0.4999999999999999,0.6296296296296297,0.6666666666666666
"frozenset({'微服务', '分布式', 'java', 'redis'})","frozenset({'spring', 'kafka'})",0.1,0.1,0.06666666666666667,0.6666666666666666,6.666666666666666,1.0,0.056666666666666664,2.6999999999999997,0.9444444444444444,0.4999999999999999,0.6296296296296297,0.6666666666666666
"frozenset({'spring', 'java', 'kafka'})","frozenset({'微服务', '分布式', 'redis'})",0.1,0.1,0.06666666666666667,0.6666666666666666,6.666666666666666,1.0,0.056666666666666664,2.6999999999999997,0.9444444444444444,0.4999999999999999,0.6296296296296297,0.6666666666666666
"frozenset({'java', '微服务', 'kafka'})","frozenset({'spring', '分布式', 'redis'})",0.1,0.1,0.06666666666666667,0.6666666666666666,6.666666666666666,1.0,0.056666666666666664,2.6999999999999997,0.9444444444444444,0.4999999999999999,0.6296296296296297,0.6666666666666666
"frozenset({'spring', '分布式', 'java'})","frozenset({'微服务', 'redis', 'kafka'})",0.1,0.1,0.06666666666666667,0.6666666666666666,6.666666666666666,1.0,0.056666666666666664,2.6999999999999997,0.9444444444444444,0.4999999999999999,0.6296296296296297,0.6666666666666666
"frozenset({'分布式', 'java', '微服务'})","frozenset({'spring', 'redis', 'kafka'})",0.1,0.1,0.06666666666666667,0.6666666666666666,6.666666666666666,1.0,0.056666666666666664,2.6999999999999997,0.9444444444444444,0.4999999999999999,0.6296296296296297,0.6666666666666666
"frozenset({'spring', 'redis', 'kafka'})","frozenset({'分布式', 'java', '微服务'})",0.1,0.1,0.06666666666666667,0.6666666666666666,6.666666666666666,1.0,0.056666666666666664,2.6999999999999997,0.9444444444444444,0.4999999999999999,0.6296296296296297,0.6666666666666666
"frozenset({'微服务', 'redis', 'kafka'})","frozenset({'spring', '分布式', 'java'})",0.1,0.1,0.06666666666666667,0.6666666666666666,6.666666666666666,1.0,0.056666666666666664,2.6999999999999997,0.9444444444444444,0.4999999999999999,0.6296296296296297,0.6666666666666666
"frozenset({'spring', '分布式', 'redis'})","frozenset({'java', '微服务', 'kafka'})",0.1,0.1,0.06666666666666667,0.6666666666666666,6.666666666666666,1.0,0.056666666666666664,2.6999999999999997,0.9444444444444444,0.4999999999999999,0.6296296296296297,0.6666666666666666
"frozenset({'微服务', '分布式', 'redis'})","frozenset({'spring', 'java', 'kafka'})",0.1,0.1,0.06666666666666667,0.6666666666666666,6.666666666666666,1.0,0.056666666666666664,2.6999999999999997,0.9444444444444444,0.4999999999999999,0.6296296296296297,0.6666666666666666
"frozenset({'spring', 'kafka'})","frozenset({'微服务', '分布式', 'java', 'redis'})",0.1,0.1,0.06666666666666667,0.6666666666666666,6.666666666666666,1.0,0.056666666666666664,2.6999999999999997,0.9444444444444444,0.4999999999999999,0.6296296296296297,0.6666666666666666
"frozenset({'微服务', 'kafka'})","frozenset({'spring', '分布式', 'java', 'redis'})",0.1,0.1,0.06666666666666667,0.6666666666666666,6.666666666666666,1.0,0.056666666666666664,2.6999999999999997,0.9444444444444444,0.4999999999999999,0.6296296296296297,0.6666666666666666
"frozenset({'spring', '分布式'})","frozenset({'微服务', 'java', 'redis', 'kafka'})",0.1,0.1,0.06666666666666667,0.6666666666666666,6.666666666666666,1.0,0.056666666666666664,2.6999999999999997,0.9444444444444444,0.4999999999999999,0.6296296296296297,0.6666666666666666
"frozenset({'分布式', '微服务'})","frozenset({'spring', 'java', 'redis', 'kafka'})",0.1,0.1,0.06666666666666667,0.6666666666666666,6.666666666666666,1.0,0.056666666666666664,2.6999999999999997,0.9444444444444444,0.4999999999999999,0.6296296296296297,0.6666666666666666
frozenset({'分布式'}),"frozenset({'微服务', 'kafka'})",0.16666666666666666,0.1,0.1,0.6000000000000001,6.000000000000001,1.0,0.08333333333333334,2.2500000000000004,1.0,0.6000000000000001,0.5555555555555557,0.8
frozenset({'数据分析'}),frozenset({'pandas'}),0.16666666666666666,0.1,0.1,0.6000000000000001,6.000000000000001,1.0,0.08333333333333334,2.2500000000000004,1.0,0.6000000000000001,0.5555555555555557,0.8
"frozenset({'python', '数据分析'})",frozenset({'pandas'}),0.16666666666666666,0.1,0.1,0.6000000000000001,6.000000000000001,1.0,0.08333333333333334,2.2500000000000004,1.0,0.6000000000000001,0.5555555555555557,0.8
frozenset({'数据分析'}),"frozenset({'python', 'pandas'})",0.16666666666666666,0.1,0.1,0.6000000000000001,6.000000000000001,1.0,0.08333333333333334,2.2500000000000004,1.0,0.6000000000000001,0.5555555555555557,0.8
"frozenset({'分布式', 'java'})","frozenset({'微服务', 'kafka'})",0.16666666666666666,0.1,0.1,0.6000000000000001,6.000000000000001,1.0,0.08333333333333334,2.2500000000000004,1.0,0.6000000000000001,0.5555555555555557,0.8
"frozenset({'java', 'kafka'})","frozenset({'分布式', '微服务'})",0.16666666666666666,0.1,0.1,0.6000000000000001,6.000000000000001,1.0,0.08333333333333334,2.2500000000000004,1.0,0.6000000000000001,0.5555555555555557,0.8
frozenset({'分布式'}),"frozenset({'java', '微服务', 'kafka'})",0.16666666666666666,0.1,0.1,0.6000000000000001,6.000000000000001,1.0,0.08333333333333334,2.2500000000000004,1.0,0.6000000000000001,0.5555555555555557,0.8
"frozenset({'分布式', 'java'})","frozenset({'spring', 'kafka'})",0.16666666666666666,0.1,0.1,0.6000000000000001,6.000000000000001,1.0,0.08333333333333334,2.2500000000000004,1.0,0.6000000000000001,0.5555555555555557,0.8
"frozenset({'java', 'kafka'})","frozenset({'spring', '分布式'})",0.16666666666666666,0.1,0.1,0.6000000000000001,6.000000000000001,1.0,0.08333333333333334,2.2500000000000004,1.0,0.6000000000000001,0.5555555555555557,0.8
frozenset({'分布式'}),"frozenset({'spring', 'java', 'kafka'})",0.16666666666666666,0.1,0.1,0.6000000000000001,6.000000000000001,1.0,0.08333333333333334,2.2500000000000004,1.0,0.6000000000000001,0.5555555555555557,0.8
"frozenset({'分布式', 'redis'})","frozenset({'微服务', 'kafka'})",0.16666666666666666,0.1,0.1,0.6000000000000001,6.000000000000001,1.0,0.08333333333333334,2.2500000000000004,1.0,0.6000000000000001,0.5555555555555557,0.8
"frozenset({'redis', 'kafka'})","frozenset({'分布式', '微服务'})",0.16666666666666666,0.1,0.1,0.6000000000000001,6.000000000000001,1.0,0.08333333333333334,2.2500000000000004,1.0,0.6000000000000001,0.5555555555555557,0.8
frozenset({'分布式'}),"frozenset({'redis', '微服务', 'kafka'})",0.16666666666666666,0.1,0.1,0.6000000000000001,6.000000000000001,1.0,0.08333333333333334,2.2500000000000004,1.0,0.6000000000000001,0.5555555555555557,0.8
"frozenset({'java', 'redis', 'kafka'})","frozenset({'spring', '分布式'})",0.16666666666666666,0.1,0.1,0.6000000000000001,6.000000000000001,1.0,0.08333333333333334,2.2500000000000004,1.0,0.6000000000000001,0.5555555555555557,0.8
"frozenset({'分布式', 'java', 'redis'})","frozenset({'spring', 'kafka'})",0.16666666666666666,0.1,0.1,0.6000000000000001,6.000000000000001,1.0,0.08333333333333334,2.2500000000000004,1.0,0.6000000000000001,0.5555555555555557,0.8
"frozenset({'java', 'kafka'})","frozenset({'spring', '分布式', 'redis'})",0.16666666666666666,0.1,0.1,0.6000000000000001,6.000000000000001,1.0,0.08333333333333334,2.2500000000000004,1.0,0.6000000000000001,0.5555555555555557,0.8
"frozenset({'分布式', 'java'})","frozenset({'spring', 'redis', 'kafka'})",0.16666666666666666,0.1,0.1,0.6000000000000001,6.000000000000001,1.0,0.08333333333333334,2.2500000000000004,1.0,0.6000000000000001,0.5555555555555557,0.8
"frozenset({'redis', 'kafka'})","frozenset({'spring', '分布式', 'java'})",0.16666666666666666,0.1,0.1,0.6000000000000001,6.000000000000001,1.0,0.08333333333333334,2.2500000000000004,1.0,0.6000000000000001,0.5555555555555557,0.8
"frozenset({'分布式', 'redis'})","frozenset({'spring', 'java', 'kafka'})",0.16666666666666666,0.1,0.1,0.6000000000000001,6.000000000000001,1.0,0.08333333333333334,2.2500000000000004,1.0,0.6000000000000001,0.5555555555555557,0.8
frozenset({'分布式'}),"frozenset({'spring', 'java', 'redis', 'kafka'})",0.16666666666666666,0.1,0.1,0.6000000000000001,6.000000000000001,1.0,0.08333333333333334,2.2500000000000004,1.0,0.6000000000000001,0.5555555555555557,0.8
"frozenset({'java', 'redis', 'kafka'})","frozenset({'分布式', '微服务'})",0.16666666666666666,0.1,0.1,0.6000000000000001,6.000000000000001,1.0,0.08333333333333334,2.2500000000000004,1.0,0.6000000000000001,0.5555555555555557,0.8
"frozenset({'分布式', 'java', 'redis'})","frozenset({'微服务', 'kafka'})",0.16666666666666666,0.1,0.1,0.6000000000000001,6.000000000000001,1.0,0.08333333333333334,2.2500000000000004,1.0,0.6000000000000001,0.5555555555555557,0.8
"frozenset({'java', 'kafka'})","frozenset({'分布式', 'redis', '微服务'})",0.16666666666666666,0.1,0.1,0.6000000000000001,6.000000000000001,1.0,0.08333333333333334,2.2500000000000004,1.0,0.6000000000000001,0.5555555555555557,0.8
"frozenset({'分布式', 'java'})","frozenset({'redis', '微服务', 'kafka'})",0.16666666666666666,0.1,0.1,0.6000000000000001,6.000000000000001,1.0,0.08333333333333334,2.2500000000000004,1.0,0.6000000000000001,0.5555555555555557,0.8
"frozenset({'redis', 'kafka'})","frozenset({'分布式', 'java', '微服务'})",0.16666666666666666,0.1,0.1,0.6000000000000001,6.000000000000001,1.0,0.08333333333333334,2.2500000000000004,1.0,0.6000000000000001,0.5555555555555557,0.8
"frozenset({'分布式', 'redis'})","frozenset({'java', '微服务', 'kafka'})",0.16666666666666666,0.1,0.1,0.6000000000000001,6.000000000000001,1.0,0.08333333333333334,2.2500000000000004,1.0,0.6000000000000001,0.5555555555555557,0.8
frozenset({'分布式'}),"frozenset({'redis', 'java', '微服务', 'kafka'})",0.16666666666666666,0.1,0.1,0.6000000000000001,6.000000000000001,1.0,0.08333333333333334,2.2500000000000004,1.0,0.6000000000000001,0.5555555555555557,0.8
"frozenset({'分布式', 'redis'})","frozenset({'spring', 'kafka'})",0.16666666666666666,0.1,0.1,0.6000000000000001,6.000000000000001,1.0,0.08333333333333334,2.2500000000000004,1.0,0.6000000000000001,0.5555555555555557,0.8
"frozenset({'redis', 'kafka'})","frozenset({'spring', '分布式'})",0.16666666666666666,0.1,0.1,0.6000000000000001,6.000000000000001,1.0,0.08333333333333334,2.2500000000000004,1.0,0.6000000000000001,0.5555555555555557,0.8
frozenset({'分布式'}),"frozenset({'spring', 'redis', 'kafka'})",0.16666666666666666,0.1,0.1,0.6000000000000001,6.000000000000001,1.0,0.08333333333333334,2.2500000000000004,1.0,0.6000000000000001,0.5555555555555557,0.8
frozenset({'分布式'}),"frozenset({'spring', 'kafka'})",0.16666666666666666,0.1,0.1,0.6000000000000001,6.000000000000001,1.0,0.08333333333333334,2.2500000000000004,1.0,0.6000000000000001,0.5555555555555557,0.8
"frozenset({'java', 'kafka'})",frozenset({'分布式'}),0.16666666666666666,0.16666666666666666,0.16666666666666666,1.0,6.0,1.0,0.1388888888888889,inf,1.0,1.0,1.0,1.0
frozenset({'分布式'}),"frozenset({'java', 'kafka'})",0.16666666666666666,0.16666666666666666,0.16666666666666666,1.0,6.0,1.0,0.1388888888888889,inf,1.0,1.0,1.0,1.0
"frozenset({'java', 'redis', 'kafka'})",frozenset({'分布式'}),0.16666666666666666,0.16666666666666666,0.16666666666666666,1.0,6.0,1.0,0.1388888888888889,inf,1.0,1.0,1.0,1.0
"frozenset({'分布式', 'java'})","frozenset({'redis', 'kafka'})",0.16666666666666666,0.16666666666666666,0.16666666666666666,1.0,6.0,1.0,0.1388888888888889,inf,1.0,1.0,1.0,1.0
"frozenset({'分布式', 'redis'})","frozenset({'java', 'kafka'})",0.16666666666666666,0.16666666666666666,0.16666666666666666,1.0,6.0,1.0,0.1388888888888889,inf,1.0,1.0,1.0,1.0
"frozenset({'java', 'kafka'})","frozenset({'分布式', 'redis'})",0.16666666666666666,0.16666666666666666,0.16666666666666666,1.0,6.0,1.0,0.1388888888888889,inf,1.0,1.0,1.0,1.0
"frozenset({'redis', 'kafka'})","frozenset({'分布式', 'java'})",0.16666666666666666,0.16666666666666666,0.16666666666666666,1.0,6.0,1.0,0.1388888888888889,inf,1.0,1.0,1.0,1.0
frozenset({'分布式'}),"frozenset({'java', 'redis', 'kafka'})",0.16666666666666666,0.16666666666666666,0.16666666666666666,1.0,6.0,1.0,0.1388888888888889,inf,1.0,1.0,1.0,1.0
"frozenset({'redis', 'kafka'})",frozenset({'分布式'}),0.16666666666666666,0.16666666666666666,0.16666666666666666,1.0,6.0,1.0,0.1388888888888889,inf,1.0,1.0,1.0,1.0
frozenset({'分布式'}),"frozenset({'redis', 'kafka'})",0.16666666666666666,0.16666666666666666,0.16666666666666666,1.0,6.0,1.0,0.1388888888888889,inf,1.0,1.0,1.0,1.0
"frozenset({'微服务', 'kafka'})",frozenset({'分布式'}),0.1,0.16666666666666666,0.1,1.0,6.0,1.0,0.08333333333333334,inf,0.9259259259259259,0.6000000000000001,1.0,0.8
frozenset({'pandas'}),frozenset({'数据分析'}),0.1,0.16666666666666666,0.1,1.0,6.0,1.0,0.08333333333333334,inf,0.9259259259259259,0.6000000000000001,1.0,0.8
"frozenset({'python', 'pandas'})",frozenset({'数据分析'}),0.1,0.16666666666666666,0.1,1.0,6.0,1.0,0.08333333333333334,inf,0.9259259259259259,0.6000000000000001,1.0,0.8
frozenset({'pandas'}),"frozenset({'python', '数据分析'})",0.1,0.16666666666666666,0.1,1.0,6.0,1.0,0.08333333333333334,inf,0.9259259259259259,0.6000000000000001,1.0,0.8
"frozenset({'java', '微服务', 'kafka'})",frozenset({'分布式'}),0.1,0.16666666666666666,0.1,1.0,6.0,1.0,0.08333333333333334,inf,0.9259259259259259,0.6000000000000001,1.0,0.8
"frozenset({'分布式', '微服务'})","frozenset({'java', 'kafka'})",0.1,0.16666666666666666,0.1,1.0,6.0,1.0,0.08333333333333334,inf,0.9259259259259259,0.6000000000000001,1.0,0.8
"frozenset({'微服务', 'kafka'})","frozenset({'分布式', 'java'})",0.1,0.16666666666666666,0.1,1.0,6.0,1.0,0.08333333333333334,inf,0.9259259259259259,0.6000000000000001,1.0,0.8
"frozenset({'spring', 'java', 'kafka'})",frozenset({'分布式'}),0.1,0.16666666666666666,0.1,1.0,6.0,1.0,0.08333333333333334,inf,0.9259259259259259,0.6000000000000001,1.0,0.8
"frozenset({'spring', '分布式'})","frozenset({'java', 'kafka'})",0.1,0.16666666666666666,0.1,1.0,6.0,1.0,0.08333333333333334,inf,0.9259259259259259,0.6000000000000001,1.0,0.8
"frozenset({'spring', 'kafka'})","frozenset({'分布式', 'java'})",0.1,0.16666666666666666,0.1,1.0,6.0,1.0,0.08333333333333334,inf,0.9259259259259259,0.6000000000000001,1.0,0.8
"frozenset({'redis', '微服务', 'kafka'})",frozenset({'分布式'}),0.1,0.16666666666666666,0.1,1.0,6.0,1.0,0.08333333333333334,inf,0.9259259259259259,0.6000000000000001,1.0,0.8
"frozenset({'分布式', '微服务'})","frozenset({'redis', 'kafka'})",0.1,0.16666666666666666,0.1,1.0,6.0,1.0,0.08333333333333334,inf,0.9259259259259259,0.6000000000000001,1.0,0.8
"frozenset({'微服务', 'kafka'})","frozenset({'分布式', 'redis'})",0.1,0.16666666666666666,0.1,1.0,6.0,1.0,0.08333333333333334,inf,0.9259259259259259,0.6000000000000001,1.0,0.8
"frozenset({'spring', 'java', 'redis', 'kafka'})",frozenset({'分布式'}),0.1,0.16666666666666666,0.1,1.0,6.0,1.0,0.08333333333333334,inf,0.9259259259259259,0.6000000000000001,1.0,0.8
"frozenset({'spring', 'java', 'kafka'})","frozenset({'分布式', 'redis'})",0.1,0.16666666666666666,0.1,1.0,6.0,1.0,0.08333333333333334,inf,0.9259259259259259,0.6000000000000001,1.0,0.8
"frozenset({'spring', '分布式', 'java'})","frozenset({'redis', 'kafka'})",0.1,0.16666666666666666,0.1,1.0,6.0,1.0,0.08333333333333334,inf,0.9259259259259259,0.6000000000000001,1.0,0.8
"frozenset({'spring', 'redis', 'kafka'})","frozenset({'分布式', 'java'})",0.1,0.16666666666666666,0.1,1.0,6.0,1.0,0.08333333333333334,inf,0.9259259259259259,0.6000000000000001,1.0,0.8
"frozenset({'spring', '分布式', 'redis'})","frozenset({'java', 'kafka'})",0.1,0.16666666666666666,0.1,1.0,6.0,1.0,0.08333333333333334,inf,0.9259259259259259,0.6000000000000001,1.0,0.8
"frozenset({'spring', 'kafka'})","frozenset({'分布式', 'java', 'redis'})",0.1,0.16666666666666666,0.1,1.0,6.0,1.0,0.08333333333333334,inf,0.9259259259259259,0.6000000000000001,1.0,0.8
"frozenset({'spring', '分布式'})","frozenset({'java', 'redis', 'kafka'})",0.1,0.16666666666666666,0.1,1.0,6.0,1.0,0.08333333333333334,inf,0.9259259259259259,0.6000000000000001,1.0,0.8
"frozenset({'redis', 'java', '微服务', 'kafka'})",frozenset({'分布式'}),0.1,0.16666666666666666,0.1,1.0,6.0,1.0,0.08333333333333334,inf,0.9259259259259259,0.6000000000000001,1.0,0.8
"frozenset({'java', '微服务', 'kafka'})","frozenset({'分布式', 'redis'})",0.1,0.16666666666666666,0.1,1.0,6.0,1.0,0.08333333333333334,inf,0.9259259259259259,0.6000000000000001,1.0,0.8
"frozenset({'分布式', 'java', '微服务'})","frozenset({'redis', 'kafka'})",0.1,0.16666666666666666,0.1,1.0,6.0,1.0,0.08333333333333334,inf,0.9259259259259259,0.6000000000000001,1.0,0.8
"frozenset({'redis', '微服务', 'kafka'})","frozenset({'分布式', 'java'})",0.1,0.16666666666666666,0.1,1.0,6.0,1.0,0.08333333333333334,inf,0.9259259259259259,0.6000000000000001,1.0,0.8
"frozenset({'分布式', 'redis', '微服务'})","frozenset({'java', 'kafka'})",0.1,0.16666666666666666,0.1,1.0,6.0,1.0,0.08333333333333334,inf,0.9259259259259259,0.6000000000000001,1.0,0.8
"frozenset({'微服务', 'kafka'})","frozenset({'分布式', 'java', 'redis'})",0.1,0.16666666666666666,0.1,1.0,6.0,1.0,0.08333333333333334,inf,0.9259259259259259,0.6000000000000001,1.0,0.8
"frozenset({'分布式', '微服务'})","frozenset({'java', 'redis', 'kafka'})",0.1,0.16666666666666666,0.1,1.0,6.0,1.0,0.08333333333333334,inf,0.9259259259259259,0.6000000000000001,1.0,0.8
"frozenset({'spring', 'redis', 'kafka'})",frozenset({'分布式'}),0.1,0.16666666666666666,0.1,1.0,6.0,1.0,0.08333333333333334,inf,0.9259259259259259,0.6000000000000001,1.0,0.8
"frozenset({'spring', '分布式'})","frozenset({'redis', 'kafka'})",0.1,0.16666666666666666,0.1,1.0,6.0,1.0,0.08333333333333334,inf,0.9259259259259259,0.6000000000000001,1.0,0.8
"frozenset({'spring', 'kafka'})","frozenset({'分布式', 'redis'})",0.1,0.16666666666666666,0.1,1.0,6.0,1.0,0.08333333333333334,inf,0.9259259259259259,0.6000000000000001,1.0,0.8
"frozenset({'spring', 'kafka'})",frozenset({'分布式'}),0.1,0.16666666666666666,0.1,1.0,6.0,1.0,0.08333333333333334,inf,0.9259259259259259,0.6000000000000001,1.0,0.8
frozenset({'可视化'}),frozenset({'数据分析'}),0.06666666666666667,0.16666666666666666,0.06666666666666667,1.0,6.0,1.0,0.05555555555555555,inf,0.8928571428571428,0.39999999999999997,1.0,0.7
frozenset({'tableau'}),frozenset({'数据分析'}),0.06666666666666667,0.16666666666666666,0.06666666666666667,1.0,6.0,1.0,0.05555555555555555,inf,0.8928571428571428,0.39999999999999997,1.0,0.7
frozenset({'tableau'}),frozenset({'sql'}),0.06666666666666667,0.16666666666666666,0.06666666666666667,1.0,6.0,1.0,0.05555555555555555,inf,0.8928571428571428,0.39999999999999997,1.0,0.7
"frozenset({'python', 'tableau'})",frozenset({'sql'}),0.06666666666666667,0.16666666666666666,0.06666666666666667,1.0,6.0,1.0,0.05555555555555555,inf,0.8928571428571428,0.39999999999999997,1.0,0.7
frozenset({'tableau'}),"frozenset({'python', 'sql'})",0.06666666666666667,0.16666666666666666,0.06666666666666667,1.0,6.0,1.0,0.05555555555555555,inf,0.8928571428571428,0.39999999999999997,1.0,0.7
"frozenset({'pandas', 'sql'})",frozenset({'数据分析'}),0.06666666666666667,0.16666666666666666,0.06666666666666667,1.0,6.0,1.0,0.05555555555555555,inf,0.8928571428571428,0.39999999999999997,1.0,0.7
"frozenset({'numpy', 'pandas'})",frozenset({'数据分析'}),0.06666666666666667,0.16666666666666666,0.06666666666666667,1.0,6.0,1.0,0.05555555555555555,inf,0.8928571428571428,0.39999999999999997,1.0,0.7
"frozenset({'python', '可视化'})",frozenset({'数据分析'}),0.06666666666666667,0.16666666666666666,0.06666666666666667,1.0,6.0,1.0,0.05555555555555555,inf,0.8928571428571428,0.39999999999999997,1.0,0.7
frozenset({'可视化'}),"frozenset({'python', '数据分析'})",0.06666666666666667,0.16666666666666666,0.06666666666666667,1.0,6.0,1.0,0.05555555555555555,inf,0.8928571428571428,0.39999999999999997,1.0,0.7
"frozenset({'python', 'tableau'})",frozenset({'数据分析'}),0.06666666666666667,0.16666666666666666,0.06666666666666667,1.0,6.0,1.0,0.05555555555555555,inf,0.8928571428571428,0.39999999999999997,1.0,0.7
frozenset({'tableau'}),"frozenset({'python', '数据分析'})",0.06666666666666667,0.16666666666666666,0.06666666666666667,1.0,6.0,1.0,0.05555555555555555,inf,0.8928571428571428,0.39999999999999997,1.0,0.7
"frozenset({'数据分析', 'tableau'})",frozenset({'sql'}),0.06666666666666667,0.16666666666666666,0.06666666666666667,1.0,6.0,1.0,0.05555555555555555,inf,0.8928571428571428,0.39999999999999997,1.0,0.7
"frozenset({'tableau', 'sql'})",frozenset({'数据分析'}),0.06666666666666667,0.16666666666666666,0.06666666666666667,1.0,6.0,1.0,0.05555555555555555,inf,0.8928571428571428,0.39999999999999997,1.0,0.7
"frozenset({'spring', '微服务', 'kafka'})",frozenset({'分布式'}),0.06666666666666667,0.16666666666666666,0.06666666666666667,1.0,6.0,1.0,0.05555555555555555,inf,0.8928571428571428,0.39999999999999997,1.0,0.7
"frozenset({'python', 'numpy', 'pandas'})",frozenset({'数据分析'}),0.06666666666666667,0.16666666666666666,0.06666666666666667,1.0,6.0,1.0,0.05555555555555555,inf,0.8928571428571428,0.39999999999999997,1.0,0.7
"frozenset({'numpy', 'pandas'})","frozenset({'python', '数据分析'})",0.06666666666666667,0.16666666666666666,0.06666666666666667,1.0,6.0,1.0,0.05555555555555555,inf,0.8928571428571428,0.39999999999999997,1.0,0.7
"frozenset({'python', 'pandas', 'sql'})",frozenset({'数据分析'}),0.06666666666666667,0.16666666666666666,0.06666666666666667,1.0,6.0,1.0,0.05555555555555555,inf,0.8928571428571428,0.39999999999999997,1.0,0.7
"frozenset({'pandas', 'sql'})","frozenset({'python', '数据分析'})",0.06666666666666667,0.16666666666666666,0.06666666666666667,1.0,6.0,1.0,0.05555555555555555,inf,0.8928571428571428,0.39999999999999997,1.0,0.7
"frozenset({'python', 'tableau', '数据分析'})",frozenset({'sql'}),0.06666666666666667,0.16666666666666666,0.06666666666666667,1.0,6.0,1.0,0.05555555555555555,inf,0.8928571428571428,0.39999999999999997,1.0,0.7
"frozenset({'python', 'tableau', 'sql'})",frozenset({'数据分析'}),0.06666666666666667,0.16666666666666666,0.06666666666666667,1.0,6.0,1.0,0.05555555555555555,inf,0.8928571428571428,0.39999999999999997,1.0,0.7
"frozenset({'数据分析', 'tableau'})","frozenset({'python', 'sql'})",0.06666666666666667,0.16666666666666666,0.06666666666666667,1.0,6.0,1.0,0.05555555555555555,inf,0.8928571428571428,0.39999999999999997,1.0,0.7
"frozenset({'tableau', 'sql'})","frozenset({'python', '数据分析'})",0.06666666666666667,0.16666666666666666,0.06666666666666667,1.0,6.0,1.0,0.05555555555555555,inf,0.8928571428571428,0.39999999999999997,1.0,0.7
"frozenset({'spring', 'java', '微服务', 'kafka'})",frozenset({'分布式'}),0.06666666666666667,0.16666666666666666,0.06666666666666667,1.0,6.0,1.0,0.05555555555555555,inf,0.8928571428571428,0.39999999999999997,1.0,0.7
"frozenset({'spring', '微服务', 'kafka'})","frozenset({'分布式', 'java'})",0.06666666666666667,0.16666666666666666,0.06666666666666667,1.0,6.0,1.0,0.05555555555555555,inf,0.8928571428571428,0.39999999999999997,1.0,0.7
"frozenset({'spring', '分布式', '微服务'})","frozenset({'java', 'kafka'})",0.06666666666666667,0.16666666666666666,0.06666666666666667,1.0,6.0,1.0,0.05555555555555555,inf,0.8928571428571428,0.39999999999999997,1.0,0.7
"frozenset({'spring', 'redis', '微服务', 'kafka'})",frozenset({'分布式'}),0.06666666666666667,0.16666666666666666,0.06666666666666667,1.0,6.0,1.0,0.05555555555555555,inf,0.8928571428571428,0.39999999999999997,1.0,0.7
"frozenset({'spring', '微服务', 'kafka'})","frozenset({'分布式', 'redis'})",0.06666666666666667,0.16666666666666666,0.06666666666666667,1.0,6.0,1.0,0.05555555555555555,inf,0.8928571428571428,0.39999999999999997,1.0,0.7
"frozenset({'spring', '分布式', '微服务'})","frozenset({'redis', 'kafka'})",0.06666666666666667,0.16666666666666666,0.06666666666666667,1.0,6.0,1.0,0.05555555555555555,inf,0.8928571428571428,0.39999999999999997,1.0,0.7
"frozenset({'java', 'kafka', 'spring', '微服务', 'redis'})",frozenset({'分布式'}),0.06666666666666667,0.16666666666666666,0.06666666666666667,1.0,6.0,1.0,0.05555555555555555,inf,0.8928571428571428,0.39999999999999997,1.0,0.7
"frozenset({'spring', 'java', '微服务', 'kafka'})","frozenset({'分布式', 'redis'})",0.06666666666666667,0.16666666666666666,0.06666666666666667,1.0,6.0,1.0,0.05555555555555555,inf,0.8928571428571428,0.39999999999999997,1.0,0.7
"frozenset({'spring', '分布式', 'java', '微服务'})","frozenset({'redis', 'kafka'})",0.06666666666666667,0.16666666666666666,0.06666666666666667,1.0,6.0,1.0,0.05555555555555555,inf,0.8928571428571428,0.39999999999999997,1.0,0.7
"frozenset({'spring', '微服务', 'redis', 'kafka'})","frozenset({'分布式', 'java'})",0.06666666666666667,0.16666666666666666,0.06666666666666667,1.0,6.0,1.0,0.05555555555555555,inf,0.8928571428571428,0.39999999999999997,1.0,0.7
"frozenset({'spring', '微服务', '分布式', 'redis'})","frozenset({'java', 'kafka'})",0.06666666666666667,0.16666666666666666,0.06666666666666667,1.0,6.0,1.0,0.05555555555555555,inf,0.8928571428571428,0.39999999999999997,1.0,0.7
"frozenset({'spring', '微服务', 'kafka'})","frozenset({'分布式', 'java', 'redis'})",0.06666666666666667,0.16666666666666666,0.06666666666666667,1.0,6.0,1.0,0.05555555555555555,inf,0.8928571428571428,0.39999999999999997,1.0,0.7
"frozenset({'spring', '分布式', '微服务'})","frozenset({'java', 'redis', 'kafka'})",0.06666666666666667,0.16666666666666666,0.06666666666666667,1.0,6.0,1.0,0.05555555555555555,inf,0.8928571428571428,0.39999999999999997,1.0,0.7
frozenset({'数据分析'}),frozenset({'可视化'}),0.16666666666666666,0.06666666666666667,0.06666666666666667,0.4,6.0,1.0,0.05555555555555555,1.5555555555555556,0.9999999999999999,0.39999999999999997,0.35714285714285715,0.7
frozenset({'数据分析'}),frozenset({'tableau'}),0.16666666666666666,0.06666666666666667,0.06666666666666667,0.4,6.0,1.0,0.05555555555555555,1.5555555555555556,0.9999999999999999,0.39999999999999997,0.35714285714285715,0.7
frozenset({'sql'}),frozenset({'tableau'}),0.16666666666666666,0.06666666666666667,0.06666666666666667,0.4,6.0,1.0,0.05555555555555555,1.5555555555555556,0.9999999999999999,0.39999999999999997,0.35714285714285715,0.7
"frozenset({'python', 'sql'})",frozenset({'tableau'}),0.16666666666666666,0.06666666666666667,0.06666666666666667,0.4,6.0,1.0,0.05555555555555555,1.5555555555555556,0.9999999999999999,0.39999999999999997,0.35714285714285715,0.7
frozenset({'sql'}),"frozenset({'python', 'tableau'})",0.16666666666666666,0.06666666666666667,0.06666666666666667,0.4,6.0,1.0,0.05555555555555555,1.5555555555555556,0.9999999999999999,0.39999999999999997,0.35714285714285715,0.7
frozenset({'数据分析'}),"frozenset({'pandas', 'sql'})",0.16666666666666666,0.06666666666666667,0.06666666666666667,0.4,6.0,1.0,0.05555555555555555,1.5555555555555556,0.9999999999999999,0.39999999999999997,0.35714285714285715,0.7
frozenset({'数据分析'}),"frozenset({'numpy', 'pandas'})",0.16666666666666666,0.06666666666666667,0.06666666666666667,0.4,6.0,1.0,0.05555555555555555,1.5555555555555556,0.9999999999999999,0.39999999999999997,0.35714285714285715,0.7
"frozenset({'python', '数据分析'})",frozenset({'可视化'}),0.16666666666666666,0.06666666666666667,0.06666666666666667,0.4,6.0,1.0,0.05555555555555555,1.5555555555555556,0.9999999999999999,0.39999999999999997,0.35714285714285715,0.7
frozenset({'数据分析'}),"frozenset({'python', '可视化'})",0.16666666666666666,0.06666666666666667,0.06666666666666667,0.4,6.0,1.0,0.05555555555555555,1.5555555555555556,0.9999999999999999,0.39999999999999997,0.35714285714285715,0.7
"frozenset({'python', '数据分析'})",frozenset({'tableau'}),0.16666666666666666,0.06666666666666667,0.06666666666666667,0.4,6.0,1.0,0.05555555555555555,1.5555555555555556,0.9999999999999999,0.39999999999999997,0.35714285714285715,0.7
frozenset({'数据分析'}),"frozenset({'python', 'tableau'})",0.16666666666666666,0.06666666666666667,0.06666666666666667,0.4,6.0,1.0,0.05555555555555555,1.5555555555555556,0.9999999999999999,0.39999999999999997,0.35714285714285715,0.7
frozenset({'数据分析'}),"frozenset({'tableau', 'sql'})",0.16666666666666666,0.06666666666666667,0.06666666666666667,0.4,6.0,1.0,0.05555555555555555,1.5555555555555556,0.9999999999999999,0.39999999999999997,0.35714285714285715,0.7
frozenset({'sql'}),"frozenset({'数据分析', 'tableau'})",0.16666666666666666,0.06666666666666667,0.06666666666666667,0.4,6.0,1.0,0.05555555555555555,1.5555555555555556,0.9999999999999999,0.39999999999999997,0.35714285714285715,0.7
frozenset({'分布式'}),"frozenset({'spring', '微服务', 'kafka'})",0.16666666666666666,0.06666666666666667,0.06666666666666667,0.4,6.0,1.0,0.05555555555555555,1.5555555555555556,0.9999999999999999,0.39999999999999997,0.35714285714285715,0.7
"frozenset({'python', '数据分析'})","frozenset({'numpy', 'pandas'})",0.16666666666666666,0.06666666666666667,0.06666666666666667,0.4,6.0,1.0,0.05555555555555555,1.5555555555555556,0.9999999999999999,0.39999999999999997,0.35714285714285715,0.7
frozenset({'数据分析'}),"frozenset({'python', 'numpy', 'pandas'})",0.16666666666666666,0.06666666666666667,0.06666666666666667,0.4,6.0,1.0,0.05555555555555555,1.5555555555555556,0.9999999999999999,0.39999999999999997,0.35714285714285715,0.7
"frozenset({'python', '数据分析'})","frozenset({'pandas', 'sql'})",0.16666666666666666,0.06666666666666667,0.06666666666666667,0.4,6.0,1.0,0.05555555555555555,1.5555555555555556,0.9999999999999999,0.39999999999999997,0.35714285714285715,0.7
frozenset({'数据分析'}),"frozenset({'python', 'pandas', 'sql'})",0.16666666666666666,0.06666666666666667,0.06666666666666667,0.4,6.0,1.0,0.05555555555555555,1.5555555555555556,0.9999999999999999,0.39999999999999997,0.35714285714285715,0.7
"frozenset({'python', '数据分析'})","frozenset({'tableau', 'sql'})",0.16666666666666666,0.06666666666666667,0.06666666666666667,0.4,6.0,1.0,0.05555555555555555,1.5555555555555556,0.9999999999999999,0.39999999999999997,0.35714285714285715,0.7
"frozenset({'python', 'sql'})","frozenset({'数据分析', 'tableau'})",0.16666666666666666,0.06666666666666667,0.06666666666666667,0.4,6.0,1.0,0.05555555555555555,1.5555555555555556,0.9999999999999999,0.39999999999999997,0.35714285714285715,0.7
frozenset({'数据分析'}),"frozenset({'python', 'tableau', 'sql'})",0.16666666666666666,0.06666666666666667,0.06666666666666667,0.4,6.0,1.0,0.05555555555555555,1.5555555555555556,0.9999999999999999,0.39999999999999997,0.35714285714285715,0.7
frozenset({'sql'}),"frozenset({'python', 'tableau', '数据分析'})",0.16666666666666666,0.06666666666666667,0.06666666666666667,0.4,6.0,1.0,0.05555555555555555,1.5555555555555556,0.9999999999999999,0.39999999999999997,0.35714285714285715,0.7
"frozenset({'java', 'kafka'})","frozenset({'spring', '分布式', '微服务'})",0.16666666666666666,0.06666666666666667,0.06666666666666667,0.4,6.0,1.0,0.05555555555555555,1.5555555555555556,0.9999999999999999,0.39999999999999997,0.35714285714285715,0.7
"frozenset({'分布式', 'java'})","frozenset({'spring', '微服务', 'kafka'})",0.16666666666666666,0.06666666666666667,0.06666666666666667,0.4,6.0,1.0,0.05555555555555555,1.5555555555555556,0.9999999999999999,0.39999999999999997,0.35714285714285715,0.7
frozenset({'分布式'}),"frozenset({'spring', 'java', '微服务', 'kafka'})",0.16666666666666666,0.06666666666666667,0.06666666666666667,0.4,6.0,1.0,0.05555555555555555,1.5555555555555556,0.9999999999999999,0.39999999999999997,0.35714285714285715,0.7
"frozenset({'redis', 'kafka'})","frozenset({'spring', '分布式', '微服务'})",0.16666666666666666,0.06666666666666667,0.06666666666666667,0.4,6.0,1.0,0.05555555555555555,1.5555555555555556,0.9999999999999999,0.39999999999999997,0.35714285714285715,0.7
"frozenset({'分布式', 'redis'})","frozenset({'spring', '微服务', 'kafka'})",0.16666666666666666,0.06666666666666667,0.06666666666666667,0.4,6.0,1.0,0.05555555555555555,1.5555555555555556,0.9999999999999999,0.39999999999999997,0.35714285714285715,0.7
frozenset({'分布式'}),"frozenset({'spring', 'redis', '微服务', 'kafka'})",0.16666666666666666,0.06666666666666667,0.06666666666666667,0.4,6.0,1.0,0.05555555555555555,1.5555555555555556,0.9999999999999999,0.39999999999999997,0.35714285714285715,0.7
"frozenset({'java', 'redis', 'kafka'})","frozenset({'spring', '分布式', '微服务'})",0.16666666666666666,0.06666666666666667,0.06666666666666667,0.4,6.0,1.0,0.05555555555555555,1.5555555555555556,0.9999999999999999,0.39999999999999997,0.35714285714285715,0.7
"frozenset({'分布式', 'java', 'redis'})","frozenset({'spring', '微服务', 'kafka'})",0.16666666666666666,0.06666666666666667,0.06666666666666667,0.4,6.0,1.0,0.05555555555555555,1.5555555555555556,0.9999999999999999,0.39999999999999997,0.35714285714285715,0.7
"frozenset({'java', 'kafka'})","frozenset({'spring', '微服务', '分布式', 'redis'})",0.16666666666666666,0.06666666666666667,0.06666666666666667,0.4,6.0,1.0,0.05555555555555555,1.5555555555555556,0.9999999999999999,0.39999999999999997,0.35714285714285715,0.7
"frozenset({'分布式', 'java'})","frozenset({'spring', '微服务', 'redis', 'kafka'})",0.16666666666666666,0.06666666666666667,0.06666666666666667,0.4,6.0,1.0,0.05555555555555555,1.5555555555555556,0.9999999999999999,0.39999999999999997,0.35714285714285715,0.7
"frozenset({'redis', 'kafka'})","frozenset({'spring', '分布式', 'java', '微服务'})",0.16666666666666666,0.06666666666666667,0.06666666666666667,0.4,6.0,1.0,0.05555555555555555,1.5555555555555556,0.9999999999999999,0.39999999999999997,0.35714285714285715,0.7
"frozenset({'分布式', 'redis'})","frozenset({'spring', 'java', '微服务', 'kafka'})",0.16666666666666666,0.06666666666666667,0.06666666666666667,0.4,6.0,1.0,0.05555555555555555,1.5555555555555556,0.9999999999999999,0.39999999999999997,0.35714285714285715,0.7
frozenset({'分布式'}),"frozenset({'java', 'kafka', 'spring', '微服务', 'redis'})",0.16666666666666666,0.06666666666666667,0.06666666666666667,0.4,6.0,1.0,0.05555555555555555,1.5555555555555556,0.9999999999999999,0.39999999999999997,0.35714285714285715,0.7
"frozenset({'分布式', 'java'})",frozenset({'kafka'}),0.16666666666666666,0.2,0.16666666666666666,1.0,5.0,1.0,0.13333333333333333,inf,0.96,0.8333333333333331,1.0,0.9166666666666666
"frozenset({'分布式', 'java', 'redis'})",frozenset({'kafka'}),0.16666666666666666,0.2,0.16666666666666666,1.0,5.0,1.0,0.13333333333333333,inf,0.96,0.8333333333333331,1.0,0.9166666666666666
"frozenset({'分布式', 'redis'})",frozenset({'kafka'}),0.16666666666666666,0.2,0.16666666666666666,1.0,5.0,1.0,0.13333333333333333,inf,0.96,0.8333333333333331,1.0,0.9166666666666666
frozenset({'分布式'}),frozenset({'kafka'}),0.16666666666666666,0.2,0.16666666666666666,1.0,5.0,1.0,0.13333333333333333,inf,0.96,0.8333333333333331,1.0,0.9166666666666666
frozenset({'spark'}),frozenset({'机器学习'}),0.13333333333333333,0.2,0.13333333333333333,1.0,5.0,1.0,0.10666666666666666,inf,0.9230769230769229,0.6666666666666665,1.0,0.8333333333333333
"frozenset({'python', 'spark'})",frozenset({'机器学习'}),0.13333333333333333,0.2,0.13333333333333333,1.0,5.0,1.0,0.10666666666666666,inf,0.9230769230769229,0.6666666666666665,1.0,0.8333333333333333
frozenset({'spark'}),"frozenset({'python', '机器学习'})",0.13333333333333333,0.2,0.13333333333333333,1.0,5.0,1.0,0.10666666666666666,inf,0.9230769230769229,0.6666666666666665,1.0,0.8333333333333333
"frozenset({'hadoop', 'spark'})",frozenset({'机器学习'}),0.13333333333333333,0.2,0.13333333333333333,1.0,5.0,1.0,0.10666666666666666,inf,0.9230769230769229,0.6666666666666665,1.0,0.8333333333333333
"frozenset({'python', 'hadoop'})",frozenset({'机器学习'}),0.13333333333333333,0.2,0.13333333333333333,1.0,5.0,1.0,0.10666666666666666,inf,0.9230769230769229,0.6666666666666665,1.0,0.8333333333333333
frozenset({'hadoop'}),"frozenset({'python', '机器学习'})",0.13333333333333333,0.2,0.13333333333333333,1.0,5.0,1.0,0.10666666666666666,inf,0.9230769230769229,0.6666666666666665,1.0,0.8333333333333333
frozenset({'hadoop'}),frozenset({'机器学习'}),0.13333333333333333,0.2,0.13333333333333333,1.0,5.0,1.0,0.10666666666666666,inf,0.9230769230769229,0.6666666666666665,1.0,0.8333333333333333
"frozenset({'python', 'spark', 'hadoop'})",frozenset({'机器学习'}),0.13333333333333333,0.2,0.13333333333333333,1.0,5.0,1.0,0.10666666666666666,inf,0.9230769230769229,0.6666666666666665,1.0,0.8333333333333333
"frozenset({'hadoop', 'spark'})","frozenset({'python', '机器学习'})",0.13333333333333333,0.2,0.13333333333333333,1.0,5.0,1.0,0.10666666666666666,inf,0.9230769230769229,0.6666666666666665,1.0,0.8333333333333333
"frozenset({'分布式', '微服务'})",frozenset({'kafka'}),0.1,0.2,0.1,1.0,5.0,1.0,0.08,inf,0.8888888888888888,0.49999999999999994,1.0,0.75
"frozenset({'分布式', 'java', '微服务'})",frozenset({'kafka'}),0.1,0.2,0.1,1.0,5.0,1.0,0.08,inf,0.8888888888888888,0.49999999999999994,1.0,0.75
"frozenset({'spring', '分布式', 'java'})",frozenset({'kafka'}),0.1,0.2,0.1,1.0,5.0,1.0,0.08,inf,0.8888888888888888,0.49999999999999994,1.0,0.75
"frozenset({'分布式', 'redis', '微服务'})",frozenset({'kafka'}),0.1,0.2,0.1,1.0,5.0,1.0,0.08,inf,0.8888888888888888,0.49999999999999994,1.0,0.75
"frozenset({'spring', '分布式', 'java', 'redis'})",frozenset({'kafka'}),0.1,0.2,0.1,1.0,5.0,1.0,0.08,inf,0.8888888888888888,0.49999999999999994,1.0,0.75
"frozenset({'redis', '分布式', 'java', '微服务'})",frozenset({'kafka'}),0.1,0.2,0.1,1.0,5.0,1.0,0.08,inf,0.8888888888888888,0.49999999999999994,1.0,0.75
"frozenset({'spring', '分布式', 'redis'})",frozenset({'kafka'}),0.1,0.2,0.1,1.0,5.0,1.0,0.08,inf,0.8888888888888888,0.49999999999999994,1.0,0.75
"frozenset({'spring', '分布式'})",frozenset({'kafka'}),0.1,0.2,0.1,1.0,5.0,1.0,0.08,inf,0.8888888888888888,0.49999999999999994,1.0,0.75
frozenset({'k8s'}),frozenset({'docker'}),0.06666666666666667,0.2,0.06666666666666667,1.0,5.0,1.0,0.05333333333333333,inf,0.8571428571428571,0.3333333333333333,1.0,0.6666666666666666
"frozenset({'微服务', 'k8s'})",frozenset({'docker'}),0.06666666666666667,0.2,0.06666666666666667,1.0,5.0,1.0,0.05333333333333333,inf,0.8571428571428571,0.3333333333333333,1.0,0.6666666666666666
"frozenset({'java', 'k8s'})",frozenset({'docker'}),0.06666666666666667,0.2,0.06666666666666667,1.0,5.0,1.0,0.05333333333333333,inf,0.8571428571428571,0.3333333333333333,1.0,0.6666666666666666
frozenset({'k8s'}),"frozenset({'docker', 'java'})",0.06666666666666667,0.2,0.06666666666666667,1.0,5.0,1.0,0.05333333333333333,inf,0.8571428571428571,0.3333333333333333,1.0,0.6666666666666666
"frozenset({'spring', 'k8s'})",frozenset({'docker'}),0.06666666666666667,0.2,0.06666666666666667,1.0,5.0,1.0,0.05333333333333333,inf,0.8571428571428571,0.3333333333333333,1.0,0.6666666666666666
frozenset({'k8s'}),"frozenset({'docker', 'spring'})",0.06666666666666667,0.2,0.06666666666666667,1.0,5.0,1.0,0.05333333333333333,inf,0.8571428571428571,0.3333333333333333,1.0,0.6666666666666666
"frozenset({'java', '微服务', 'k8s'})",frozenset({'docker'}),0.06666666666666667,0.2,0.06666666666666667,1.0,5.0,1.0,0.05333333333333333,inf,0.8571428571428571,0.3333333333333333,1.0,0.6666666666666666
"frozenset({'微服务', 'k8s'})","frozenset({'docker', 'java'})",0.06666666666666667,0.2,0.06666666666666667,1.0,5.0,1.0,0.05333333333333333,inf,0.8571428571428571,0.3333333333333333,1.0,0.6666666666666666
"frozenset({'spring', 'java', 'k8s'})",frozenset({'docker'}),0.06666666666666667,0.2,0.06666666666666667,1.0,5.0,1.0,0.05333333333333333,inf,0.8571428571428571,0.3333333333333333,1.0,0.6666666666666666
"frozenset({'spring', 'k8s'})","frozenset({'docker', 'java'})",0.06666666666666667,0.2,0.06666666666666667,1.0,5.0,1.0,0.05333333333333333,inf,0.8571428571428571,0.3333333333333333,1.0,0.6666666666666666
"frozenset({'java', 'k8s'})","frozenset({'docker', 'spring'})",0.06666666666666667,0.2,0.06666666666666667,1.0,5.0,1.0,0.05333333333333333,inf,0.8571428571428571,0.3333333333333333,1.0,0.6666666666666666
frozenset({'k8s'}),"frozenset({'docker', 'spring', 'java'})",0.06666666666666667,0.2,0.06666666666666667,1.0,5.0,1.0,0.05333333333333333,inf,0.8571428571428571,0.3333333333333333,1.0,0.6666666666666666
"frozenset({'spring', '微服务', 'k8s'})",frozenset({'docker'}),0.06666666666666667,0.2,0.06666666666666667,1.0,5.0,1.0,0.05333333333333333,inf,0.8571428571428571,0.3333333333333333,1.0,0.6666666666666666
"frozenset({'微服务', 'k8s'})","frozenset({'docker', 'spring'})",0.06666666666666667,0.2,0.06666666666666667,1.0,5.0,1.0,0.05333333333333333,inf,0.8571428571428571,0.3333333333333333,1.0,0.6666666666666666
"frozenset({'spring', '分布式', '微服务'})",frozenset({'kafka'}),0.06666666666666667,0.2,0.06666666666666667,1.0,5.0,1.0,0.05333333333333333,inf,0.8571428571428571,0.3333333333333333,1.0,0.6666666666666666
"frozenset({'spring', 'java', '微服务', 'k8s'})",frozenset({'docker'}),0.06666666666666667,0.2,0.06666666666666667,1.0,5.0,1.0,0.05333333333333333,inf,0.8571428571428571,0.3333333333333333,1.0,0.6666666666666666
"frozenset({'java', '微服务', 'k8s'})","frozenset({'docker', 'spring'})",0.06666666666666667,0.2,0.06666666666666667,1.0,5.0,1.0,0.05333333333333333,inf,0.8571428571428571,0.3333333333333333,1.0,0.6666666666666666
"frozenset({'spring', '微服务', 'k8s'})","frozenset({'docker', 'java'})",0.06666666666666667,0.2,0.06666666666666667,1.0,5.0,1.0,0.05333333333333333,inf,0.8571428571428571,0.3333333333333333,1.0,0.6666666666666666
"frozenset({'微服务', 'k8s'})","frozenset({'docker', 'spring', 'java'})",0.06666666666666667,0.2,0.06666666666666667,1.0,5.0,1.0,0.05333333333333333,inf,0.8571428571428571,0.3333333333333333,1.0,0.6666666666666666
"frozenset({'spring', '分布式', 'java', '微服务'})",frozenset({'kafka'}),0.06666666666666667,0.2,0.06666666666666667,1.0,5.0,1.0,0.05333333333333333,inf,0.8571428571428571,0.3333333333333333,1.0,0.6666666666666666
"frozenset({'spring', '分布式', 'redis', '微服务'})",frozenset({'kafka'}),0.06666666666666667,0.2,0.06666666666666667,1.0,5.0,1.0,0.05333333333333333,inf,0.8571428571428571,0.3333333333333333,1.0,0.6666666666666666
"frozenset({'java', 'spring', '分布式', '微服务', 'redis'})",frozenset({'kafka'}),0.06666666666666667,0.2,0.06666666666666667,1.0,5.0,1.0,0.05333333333333333,inf,0.8571428571428571,0.3333333333333333,1.0,0.6666666666666666
frozenset({'kafka'}),"frozenset({'分布式', 'java'})",0.2,0.16666666666666666,0.16666666666666666,0.8333333333333333,5.0,1.0,0.13333333333333333,4.999999999999998,1.0,0.8333333333333331,0.7999999999999999,0.9166666666666666
frozenset({'kafka'}),"frozenset({'分布式', 'java', 'redis'})",0.2,0.16666666666666666,0.16666666666666666,0.8333333333333333,5.0,1.0,0.13333333333333333,4.999999999999998,1.0,0.8333333333333331,0.7999999999999999,0.9166666666666666
frozenset({'kafka'}),"frozenset({'分布式', 'redis'})",0.2,0.16666666666666666,0.16666666666666666,0.8333333333333333,5.0,1.0,0.13333333333333333,4.999999999999998,1.0,0.8333333333333331,0.7999999999999999,0.9166666666666666
frozenset({'kafka'}),frozenset({'分布式'}),0.2,0.16666666666666666,0.16666666666666666,0.8333333333333333,5.0,1.0,0.13333333333333333,4.999999999999998,1.0,0.8333333333333331,0.7999999999999999,0.9166666666666666
frozenset({'机器学习'}),frozenset({'spark'}),0.2,0.13333333333333333,0.13333333333333333,0.6666666666666666,5.0,1.0,0.10666666666666666,2.5999999999999996,0.9999999999999999,0.6666666666666665,0.6153846153846153,0.8333333333333333
"frozenset({'python', '机器学习'})",frozenset({'spark'}),0.2,0.13333333333333333,0.13333333333333333,0.6666666666666666,5.0,1.0,0.10666666666666666,2.5999999999999996,0.9999999999999999,0.6666666666666665,0.6153846153846153,0.8333333333333333
frozenset({'机器学习'}),"frozenset({'python', 'spark'})",0.2,0.13333333333333333,0.13333333333333333,0.6666666666666666,5.0,1.0,0.10666666666666666,2.5999999999999996,0.9999999999999999,0.6666666666666665,0.6153846153846153,0.8333333333333333
frozenset({'机器学习'}),"frozenset({'hadoop', 'spark'})",0.2,0.13333333333333333,0.13333333333333333,0.6666666666666666,5.0,1.0,0.10666666666666666,2.5999999999999996,0.9999999999999999,0.6666666666666665,0.6153846153846153,0.8333333333333333
"frozenset({'python', '机器学习'})",frozenset({'hadoop'}),0.2,0.13333333333333333,0.13333333333333333,0.6666666666666666,5.0,1.0,0.10666666666666666,2.5999999999999996,0.9999999999999999,0.6666666666666665,0.6153846153846153,0.8333333333333333
frozenset({'机器学习'}),"frozenset({'python', 'hadoop'})",0.2,0.13333333333333333,0.13333333333333333,0.6666666666666666,5.0,1.0,0.10666666666666666,2.5999999999999996,0.9999999999999999,0.6666666666666665,0.6153846153846153,0.8333333333333333
frozenset({'机器学习'}),frozenset({'hadoop'}),0.2,0.13333333333333333,0.13333333333333333,0.6666666666666666,5.0,1.0,0.10666666666666666,2.5999999999999996,0.9999999999999999,0.6666666666666665,0.6153846153846153,0.8333333333333333
"frozenset({'python', '机器学习'})","frozenset({'hadoop', 'spark'})",0.2,0.13333333333333333,0.13333333333333333,0.6666666666666666,5.0,1.0,0.10666666666666666,2.5999999999999996,0.9999999999999999,0.6666666666666665,0.6153846153846153,0.8333333333333333
frozenset({'机器学习'}),"frozenset({'python', 'spark', 'hadoop'})",0.2,0.13333333333333333,0.13333333333333333,0.6666666666666666,5.0,1.0,0.10666666666666666,2.5999999999999996,0.9999999999999999,0.6666666666666665,0.6153846153846153,0.8333333333333333
frozenset({'深度学习'}),frozenset({'numpy'}),0.1,0.13333333333333333,0.06666666666666667,0.6666666666666666,5.0,1.0,0.05333333333333333,2.5999999999999996,0.8888888888888888,0.39999999999999997,0.6153846153846153,0.5833333333333333
frozenset({'mybatis'}),frozenset({'linux'}),0.1,0.13333333333333333,0.06666666666666667,0.6666666666666666,5.0,1.0,0.05333333333333333,2.5999999999999996,0.8888888888888888,0.39999999999999997,0.6153846153846153,0.5833333333333333
frozenset({'pandas'}),frozenset({'numpy'}),0.1,0.13333333333333333,0.06666666666666667,0.6666666666666666,5.0,1.0,0.05333333333333333,2.5999999999999996,0.8888888888888888,0.39999999999999997,0.6153846153846153,0.5833333333333333
"frozenset({'java', 'mybatis'})",frozenset({'linux'}),0.1,0.13333333333333333,0.06666666666666667,0.6666666666666666,5.0,1.0,0.05333333333333333,2.5999999999999996,0.8888888888888888,0.39999999999999997,0.6153846153846153,0.5833333333333333
frozenset({'mybatis'}),"frozenset({'java', 'linux'})",0.1,0.13333333333333333,0.06666666666666667,0.6666666666666666,5.0,1.0,0.05333333333333333,2.5999999999999996,0.8888888888888888,0.39999999999999997,0.6153846153846153,0.5833333333333333
frozenset({'pandas'}),"frozenset({'数据分析', 'sql'})",0.1,0.13333333333333333,0.06666666666666667,0.6666666666666666,5.0,1.0,0.05333333333333333,2.5999999999999996,0.8888888888888888,0.39999999999999997,0.6153846153846153,0.5833333333333333
"frozenset({'python', '深度学习'})",frozenset({'numpy'}),0.1,0.13333333333333333,0.06666666666666667,0.6666666666666666,5.0,1.0,0.05333333333333333,2.5999999999999996,0.8888888888888888,0.39999999999999997,0.6153846153846153,0.5833333333333333
frozenset({'深度学习'}),"frozenset({'python', 'numpy'})",0.1,0.13333333333333333,0.06666666666666667,0.6666666666666666,5.0,1.0,0.05333333333333333,2.5999999999999996,0.8888888888888888,0.39999999999999997,0.6153846153846153,0.5833333333333333
"frozenset({'spring', 'mybatis'})",frozenset({'linux'}),0.1,0.13333333333333333,0.06666666666666667,0.6666666666666666,5.0,1.0,0.05333333333333333,2.5999999999999996,0.8888888888888888,0.39999999999999997,0.6153846153846153,0.5833333333333333
frozenset({'mybatis'}),"frozenset({'spring', 'linux'})",0.1,0.13333333333333333,0.06666666666666667,0.6666666666666666,5.0,1.0,0.05333333333333333,2.5999999999999996,0.8888888888888888,0.39999999999999997,0.6153846153846153,0.5833333333333333
"frozenset({'python', 'pandas'})",frozenset({'numpy'}),0.1,0.13333333333333333,0.06666666666666667,0.6666666666666666,5.0,1.0,0.05333333333333333,2.5999999999999996,0.8888888888888888,0.39999999999999997,0.6153846153846153,0.5833333333333333
frozenset({'pandas'}),"frozenset({'python', 'numpy'})",0.1,0.13333333333333333,0.06666666666666667,0.6666666666666666,5.0,1.0,0.05333333333333333,2.5999999999999996,0.8888888888888888,0.39999999999999997,0.6153846153846153,0.5833333333333333
"frozenset({'数据分析', 'pandas'})",frozenset({'numpy'}),0.1,0.13333333333333333,0.06666666666666667,0.6666666666666666,5.0,1.0,0.05333333333333333,2.5999999999999996,0.8888888888888888,0.39999999999999997,0.6153846153846153,0.5833333333333333
"frozenset({'mysql', 'mybatis'})",frozenset({'linux'}),0.1,0.13333333333333333,0.06666666666666667,0.6666666666666666,5.0,1.0,0.05333333333333333,2.5999999999999996,0.8888888888888888,0.39999999999999997,0.6153846153846153,0.5833333333333333
frozenset({'mybatis'}),"frozenset({'mysql', 'linux'})",0.1,0.13333333333333333,0.06666666666666667,0.6666666666666666,5.0,1.0,0.05333333333333333,2.5999999999999996,0.8888888888888888,0.39999999999999997,0.6153846153846153,0.5833333333333333
"frozenset({'spring', 'java', 'mybatis'})",frozenset({'linux'}),0.1,0.13333333333333333,0.06666666666666667,0.6666666666666666,5.0,1.0,0.05333333333333333,2.5999999999999996,0.8888888888888888,0.39999999999999997,0.6153846153846153,0.5833333333333333
"frozenset({'spring', 'mybatis'})","frozenset({'java', 'linux'})",0.1,0.13333333333333333,0.06666666666666667,0.6666666666666666,5.0,1.0,0.05333333333333333,2.5999999999999996,0.8888888888888888,0.39999999999999997,0.6153846153846153,0.5833333333333333
"frozenset({'java', 'mybatis'})","frozenset({'spring', 'linux'})",0.1,0.13333333333333333,0.06666666666666667,0.6666666666666666,5.0,1.0,0.05333333333333333,2.5999999999999996,0.8888888888888888,0.39999999999999997,0.6153846153846153,0.5833333333333333
frozenset({'mybatis'}),"frozenset({'spring', 'java', 'linux'})",0.1,0.13333333333333333,0.06666666666666667,0.6666666666666666,5.0,1.0,0.05333333333333333,2.5999999999999996,0.8888888888888888,0.39999999999999997,0.6153846153846153,0.5833333333333333
"frozenset({'mysql', 'java', 'mybatis'})",frozenset({'linux'}),0.1,0.13333333333333333,0.06666666666666667,0.6666666666666666,5.0,1.0,0.05333333333333333,2.5999999999999996,0.8888888888888888,0.39999999999999997,0.6153846153846153,0.5833333333333333
"frozenset({'mysql', 'mybatis'})","frozenset({'java', 'linux'})",0.1,0.13333333333333333,0.06666666666666667,0.6666666666666666,5.0,1.0,0.05333333333333333,2.5999999999999996,0.8888888888888888,0.39999999999999997,0.6153846153846153,0.5833333333333333
"frozenset({'java', 'mybatis'})","frozenset({'mysql', 'linux'})",0.1,0.13333333333333333,0.06666666666666667,0.6666666666666666,5.0,1.0,0.05333333333333333,2.5999999999999996,0.8888888888888888,0.39999999999999997,0.6153846153846153,0.5833333333333333
frozenset({'mybatis'}),"frozenset({'mysql', 'java', 'linux'})",0.1,0.13333333333333333,0.06666666666666667,0.6666666666666666,5.0,1.0,0.05333333333333333,2.5999999999999996,0.8888888888888888,0.39999999999999997,0.6153846153846153,0.5833333333333333
"frozenset({'python', '数据分析', 'pandas'})",frozenset({'numpy'}),0.1,0.13333333333333333,0.06666666666666667,0.6666666666666666,5.0,1.0,0.05333333333333333,2.5999999999999996,0.8888888888888888,0.39999999999999997,0.6153846153846153,0.5833333333333333
"frozenset({'数据分析', 'pandas'})","frozenset({'python', 'numpy'})",0.1,0.13333333333333333,0.06666666666666667,0.6666666666666666,5.0,1.0,0.05333333333333333,2.5999999999999996,0.8888888888888888,0.39999999999999997,0.6153846153846153,0.5833333333333333
"frozenset({'spring', 'mybatis', 'mysql'})",frozenset({'linux'}),0.1,0.13333333333333333,0.06666666666666667,0.6666666666666666,5.0,1.0,0.05333333333333333,2.5999999999999996,0.8888888888888888,0.39999999999999997,0.6153846153846153,0.5833333333333333
"frozenset({'spring', 'mybatis'})","frozenset({'mysql', 'linux'})",0.1,0.13333333333333333,0.06666666666666667,0.6666666666666666,5.0,1.0,0.05333333333333333,2.5999999999999996,0.8888888888888888,0.39999999999999997,0.6153846153846153,0.5833333333333333
"frozenset({'mysql', 'mybatis'})","frozenset({'spring', 'linux'})",0.1,0.13333333333333333,0.06666666666666667,0.6666666666666666,5.0,1.0,0.05333333333333333,2.5999999999999996,0.8888888888888888,0.39999999999999997,0.6153846153846153,0.5833333333333333
frozenset({'mybatis'}),"frozenset({'spring', 'linux', 'mysql'})",0.1,0.13333333333333333,0.06666666666666667,0.6666666666666666,5.0,1.0,0.05333333333333333,2.5999999999999996,0.8888888888888888,0.39999999999999997,0.6153846153846153,0.5833333333333333
"frozenset({'python', 'pandas'})","frozenset({'数据分析', 'sql'})",0.1,0.13333333333333333,0.06666666666666667,0.6666666666666666,5.0,1.0,0.05333333333333333,2.5999999999999996,0.8888888888888888,0.39999999999999997,0.6153846153846153,0.5833333333333333
frozenset({'pandas'}),"frozenset({'python', '数据分析', 'sql'})",0.1,0.13333333333333333,0.06666666666666667,0.6666666666666666,5.0,1.0,0.05333333333333333,2.5999999999999996,0.8888888888888888,0.39999999999999997,0.6153846153846153,0.5833333333333333
"frozenset({'spring', 'java', 'mybatis', 'mysql'})",frozenset({'linux'}),0.1,0.13333333333333333,0.06666666666666667,0.6666666666666666,5.0,1.0,0.05333333333333333,2.5999999999999996,0.8888888888888888,0.39999999999999997,0.6153846153846153,0.5833333333333333
"frozenset({'spring', 'java', 'mybatis'})","frozenset({'mysql', 'linux'})",0.1,0.13333333333333333,0.06666666666666667,0.6666666666666666,5.0,1.0,0.05333333333333333,2.5999999999999996,0.8888888888888888,0.39999999999999997,0.6153846153846153,0.5833333333333333
"frozenset({'mysql', 'java', 'mybatis'})","frozenset({'spring', 'linux'})",0.1,0.13333333333333333,0.06666666666666667,0.6666666666666666,5.0,1.0,0.05333333333333333,2.5999999999999996,0.8888888888888888,0.39999999999999997,0.6153846153846153,0.5833333333333333
"frozenset({'spring', 'mybatis', 'mysql'})","frozenset({'java', 'linux'})",0.1,0.13333333333333333,0.06666666666666667,0.6666666666666666,5.0,1.0,0.05333333333333333,2.5999999999999996,0.8888888888888888,0.39999999999999997,0.6153846153846153,0.5833333333333333
"frozenset({'java', 'mybatis'})","frozenset({'spring', 'linux', 'mysql'})",0.1,0.13333333333333333,0.06666666666666667,0.6666666666666666,5.0,1.0,0.05333333333333333,2.5999999999999996,0.8888888888888888,0.39999999999999997,0.6153846153846153,0.5833333333333333
"frozenset({'spring', 'mybatis'})","frozenset({'mysql', 'java', 'linux'})",0.1,0.13333333333333333,0.06666666666666667,0.6666666666666666,5.0,1.0,0.05333333333333333,2.5999999999999996,0.8888888888888888,0.39999999999999997,0.6153846153846153,0.5833333333333333
"frozenset({'mysql', 'mybatis'})","frozenset({'spring', 'java', 'linux'})",0.1,0.13333333333333333,0.06666666666666667,0.6666666666666666,5.0,1.0,0.05333333333333333,2.5999999999999996,0.8888888888888888,0.39999999999999997,0.6153846153846153,0.5833333333333333
frozenset({'mybatis'}),"frozenset({'spring', 'java', 'linux', 'mysql'})",0.1,0.13333333333333333,0.06666666666666667,0.6666666666666666,5.0,1.0,0.05333333333333333,2.5999999999999996,0.8888888888888888,0.39999999999999997,0.6153846153846153,0.5833333333333333
frozenset({'kafka'}),"frozenset({'分布式', '微服务'})",0.2,0.1,0.1,0.5,5.0,1.0,0.08,1.8,0.9999999999999998,0.49999999999999994,0.4444444444444445,0.75
frozenset({'kafka'}),"frozenset({'分布式', 'java', '微服务'})",0.2,0.1,0.1,0.5,5.0,1.0,0.08,1.8,0.9999999999999998,0.49999999999999994,0.4444444444444445,0.75
frozenset({'kafka'}),"frozenset({'spring', '分布式', 'java'})",0.2,0.1,0.1,0.5,5.0,1.0,0.08,1.8,0.9999999999999998,0.49999999999999994,0.4444444444444445,0.75
frozenset({'kafka'}),"frozenset({'分布式', 'redis', '微服务'})",0.2,0.1,0.1,0.5,5.0,1.0,0.08,1.8,0.9999999999999998,0.49999999999999994,0.4444444444444445,0.75
frozenset({'kafka'}),"frozenset({'spring', '分布式', 'java', 'redis'})",0.2,0.1,0.1,0.5,5.0,1.0,0.08,1.8,0.9999999999999998,0.49999999999999994,0.4444444444444445,0.75
frozenset({'kafka'}),"frozenset({'redis', '分布式', 'java', '微服务'})",0.2,0.1,0.1,0.5,5.0,1.0,0.08,1.8,0.9999999999999998,0.49999999999999994,0.4444444444444445,0.75
frozenset({'kafka'}),"frozenset({'spring', '分布式', 'redis'})",0.2,0.1,0.1,0.5,5.0,1.0,0.08,1.8,0.9999999999999998,0.49999999999999994,0.4444444444444445,0.75
frozenset({'kafka'}),"frozenset({'spring', '分布式'})",0.2,0.1,0.1,0.5,5.0,1.0,0.08,1.8,0.9999999999999998,0.49999999999999994,0.4444444444444445,0.75
frozenset({'numpy'}),frozenset({'深度学习'}),0.13333333333333333,0.1,0.06666666666666667,0.5,5.0,1.0,0.05333333333333333,1.8,0.9230769230769229,0.39999999999999997,0.4444444444444445,0.5833333333333333
frozenset({'linux'}),frozenset({'mybatis'}),0.13333333333333333,0.1,0.06666666666666667,0.5,5.0,1.0,0.05333333333333333,1.8,0.9230769230769229,0.39999999999999997,0.4444444444444445,0.5833333333333333
frozenset({'numpy'}),frozenset({'pandas'}),0.13333333333333333,0.1,0.06666666666666667,0.5,5.0,1.0,0.05333333333333333,1.8,0.9230769230769229,0.39999999999999997,0.4444444444444445,0.5833333333333333
"frozenset({'java', 'linux'})",frozenset({'mybatis'}),0.13333333333333333,0.1,0.06666666666666667,0.5,5.0,1.0,0.05333333333333333,1.8,0.9230769230769229,0.39999999999999997,0.4444444444444445,0.5833333333333333
frozenset({'linux'}),"frozenset({'java', 'mybatis'})",0.13333333333333333,0.1,0.06666666666666667,0.5,5.0,1.0,0.05333333333333333,1.8,0.9230769230769229,0.39999999999999997,0.4444444444444445,0.5833333333333333
"frozenset({'数据分析', 'sql'})",frozenset({'pandas'}),0.13333333333333333,0.1,0.06666666666666667,0.5,5.0,1.0,0.05333333333333333,1.8,0.9230769230769229,0.39999999999999997,0.4444444444444445,0.5833333333333333
"frozenset({'python', 'numpy'})",frozenset({'深度学习'}),0.13333333333333333,0.1,0.06666666666666667,0.5,5.0,1.0,0.05333333333333333,1.8,0.9230769230769229,0.39999999999999997,0.4444444444444445,0.5833333333333333
frozenset({'numpy'}),"frozenset({'python', '深度学习'})",0.13333333333333333,0.1,0.06666666666666667,0.5,5.0,1.0,0.05333333333333333,1.8,0.9230769230769229,0.39999999999999997,0.4444444444444445,0.5833333333333333
"frozenset({'spring', 'linux'})",frozenset({'mybatis'}),0.13333333333333333,0.1,0.06666666666666667,0.5,5.0,1.0,0.05333333333333333,1.8,0.9230769230769229,0.39999999999999997,0.4444444444444445,0.5833333333333333
frozenset({'linux'}),"frozenset({'spring', 'mybatis'})",0.13333333333333333,0.1,0.06666666666666667,0.5,5.0,1.0,0.05333333333333333,1.8,0.9230769230769229,0.39999999999999997,0.4444444444444445,0.5833333333333333
"frozenset({'python', 'numpy'})",frozenset({'pandas'}),0.13333333333333333,0.1,0.06666666666666667,0.5,5.0,1.0,0.05333333333333333,1.8,0.9230769230769229,0.39999999999999997,0.4444444444444445,0.5833333333333333
frozenset({'numpy'}),"frozenset({'python', 'pandas'})",0.13333333333333333,0.1,0.06666666666666667,0.5,5.0,1.0,0.05333333333333333,1.8,0.9230769230769229,0.39999999999999997,0.4444444444444445,0.5833333333333333
frozenset({'numpy'}),"frozenset({'数据分析', 'pandas'})",0.13333333333333333,0.1,0.06666666666666667,0.5,5.0,1.0,0.05333333333333333,1.8,0.9230769230769229,0.39999999999999997,0.4444444444444445,0.5833333333333333
"frozenset({'mysql', 'linux'})",frozenset({'mybatis'}),0.13333333333333333,0.1,0.06666666666666667,0.5,5.0,1.0,0.05333333333333333,1.8,0.9230769230769229,0.39999999999999997,0.4444444444444445,0.5833333333333333
frozenset({'linux'}),"frozenset({'mysql', 'mybatis'})",0.13333333333333333,0.1,0.06666666666666667,0.5,5.0,1.0,0.05333333333333333,1.8,0.9230769230769229,0.39999999999999997,0.4444444444444445,0.5833333333333333
"frozenset({'spring', 'java', 'linux'})",frozenset({'mybatis'}),0.13333333333333333,0.1,0.06666666666666667,0.5,5.0,1.0,0.05333333333333333,1.8,0.9230769230769229,0.39999999999999997,0.4444444444444445,0.5833333333333333
"frozenset({'spring', 'linux'})","frozenset({'java', 'mybatis'})",0.13333333333333333,0.1,0.06666666666666667,0.5,5.0,1.0,0.05333333333333333,1.8,0.9230769230769229,0.39999999999999997,0.4444444444444445,0.5833333333333333
"frozenset({'java', 'linux'})","frozenset({'spring', 'mybatis'})",0.13333333333333333,0.1,0.06666666666666667,0.5,5.0,1.0,0.05333333333333333,1.8,0.9230769230769229,0.39999999999999997,0.4444444444444445,0.5833333333333333
frozenset({'linux'}),"frozenset({'spring', 'java', 'mybatis'})",0.13333333333333333,0.1,0.06666666666666667,0.5,5.0,1.0,0.05333333333333333,1.8,0.9230769230769229,0.39999999999999997,0.4444444444444445,0.5833333333333333
"frozenset({'mysql', 'java', 'linux'})",frozenset({'mybatis'}),0.13333333333333333,0.1,0.06666666666666667,0.5,5.0,1.0,0.05333333333333333,1.8,0.9230769230769229,0.39999999999999997,0.4444444444444445,0.5833333333333333
"frozenset({'mysql', 'linux'})","frozenset({'java', 'mybatis'})",0.13333333333333333,0.1,0.06666666666666667,0.5,5.0,1.0,0.05333333333333333,1.8,0.9230769230769229,0.39999999999999997,0.4444444444444445,0.5833333333333333
"frozenset({'java', 'linux'})","frozenset({'mysql', 'mybatis'})",0.13333333333333333,0.1,0.06666666666666667,0.5,5.0,1.0,0.05333333333333333,1.8,0.9230769230769229,0.39999999999999997,0.4444444444444445,0.5833333333333333
frozenset({'linux'}),"frozenset({'mysql', 'java', 'mybatis'})",0.13333333333333333,0.1,0.06666666666666667,0.5,5.0,1.0,0.05333333333333333,1.8,0.9230769230769229,0.39999999999999997,0.4444444444444445,0.5833333333333333
"frozenset({'python', 'numpy'})","frozenset({'数据分析', 'pandas'})",0.13333333333333333,0.1,0.06666666666666667,0.5,5.0,1.0,0.05333333333333333,1.8,0.9230769230769229,0.39999999999999997,0.4444444444444445,0.5833333333333333
frozenset({'numpy'}),"frozenset({'python', '数据分析', 'pandas'})",0.13333333333333333,0.1,0.06666666666666667,0.5,5.0,1.0,0.05333333333333333,1.8,0.9230769230769229,0.39999999999999997,0.4444444444444445,0.5833333333333333
"frozenset({'spring', 'linux', 'mysql'})",frozenset({'mybatis'}),0.13333333333333333,0.1,0.06666666666666667,0.5,5.0,1.0,0.05333333333333333,1.8,0.9230769230769229,0.39999999999999997,0.4444444444444445,0.5833333333333333
"frozenset({'spring', 'linux'})","frozenset({'mysql', 'mybatis'})",0.13333333333333333,0.1,0.06666666666666667,0.5,5.0,1.0,0.05333333333333333,1.8,0.9230769230769229,0.39999999999999997,0.4444444444444445,0.5833333333333333
"frozenset({'mysql', 'linux'})","frozenset({'spring', 'mybatis'})",0.13333333333333333,0.1,0.06666666666666667,0.5,5.0,1.0,0.05333333333333333,1.8,0.9230769230769229,0.39999999999999997,0.4444444444444445,0.5833333333333333
frozenset({'linux'}),"frozenset({'spring', 'mybatis', 'mysql'})",0.13333333333333333,0.1,0.06666666666666667,0.5,5.0,1.0,0.05333333333333333,1.8,0.9230769230769229,0.39999999999999997,0.4444444444444445,0.5833333333333333
"frozenset({'python', '数据分析', 'sql'})",frozenset({'pandas'}),0.13333333333333333,0.1,0.06666666666666667,0.5,5.0,1.0,0.05333333333333333,1.8,0.9230769230769229,0.39999999999999997,0.4444444444444445,0.5833333333333333
"frozenset({'数据分析', 'sql'})","frozenset({'python', 'pandas'})",0.13333333333333333,0.1,0.06666666666666667,0.5,5.0,1.0,0.05333333333333333,1.8,0.9230769230769229,0.39999999999999997,0.4444444444444445,0.5833333333333333
"frozenset({'spring', 'java', 'linux', 'mysql'})",frozenset({'mybatis'}),0.13333333333333333,0.1,0.06666666666666667,0.5,5.0,1.0,0.05333333333333333,1.8,0.9230769230769229,0.39999999999999997,0.4444444444444445,0.5833333333333333
"frozenset({'spring', 'java', 'linux'})","frozenset({'mysql', 'mybatis'})",0.13333333333333333,0.1,0.06666666666666667,0.5,5.0,1.0,0.05333333333333333,1.8,0.9230769230769229,0.39999999999999997,0.4444444444444445,0.5833333333333333
"frozenset({'mysql', 'java', 'linux'})","frozenset({'spring', 'mybatis'})",0.13333333333333333,0.1,0.06666666666666667,0.5,5.0,1.0,0.05333333333333333,1.8,0.9230769230769229,0.39999999999999997,0.4444444444444445,0.5833333333333333
"frozenset({'spring', 'linux', 'mysql'})","frozenset({'java', 'mybatis'})",0.13333333333333333,0.1,0.06666666666666667,0.5,5.0,1.0,0.05333333333333333,1.8,0.9230769230769229,0.39999999999999997,0.4444444444444445,0.5833333333333333
"frozenset({'java', 'linux'})","frozenset({'spring', 'mybatis', 'mysql'})",0.13333333333333333,0.1,0.06666666666666667,0.5,5.0,1.0,0.05333333333333333,1.8,0.9230769230769229,0.39999999999999997,0.4444444444444445,0.5833333333333333
"frozenset({'spring', 'linux'})","frozenset({'mysql', 'java', 'mybatis'})",0.13333333333333333,0.1,0.06666666666666667,0.5,5.0,1.0,0.05333333333333333,1.8,0.9230769230769229,0.39999999999999997,0.4444444444444445,0.5833333333333333
"frozenset({'mysql', 'linux'})","frozenset({'spring', 'java', 'mybatis'})",0.13333333333333333,0.1,0.06666666666666667,0.5,5.0,1.0,0.05333333333333333,1.8,0.9230769230769229,0.39999999999999997,0.4444444444444445,0.5833333333333333
frozenset({'linux'}),"frozenset({'spring', 'java', 'mybatis', 'mysql'})",0.13333333333333333,0.1,0.06666666666666667,0.5,5.0,1.0,0.05333333333333333,1.8,0.9230769230769229,0.39999999999999997,0.4444444444444445,0.5833333333333333
frozenset({'docker'}),frozenset({'k8s'}),0.2,0.06666666666666667,0.06666666666666667,0.3333333333333333,5.0,1.0,0.05333333333333333,1.4,0.9999999999999999,0.3333333333333333,0.2857142857142857,0.6666666666666666
frozenset({'docker'}),"frozenset({'微服务', 'k8s'})",0.2,0.06666666666666667,0.06666666666666667,0.3333333333333333,5.0,1.0,0.05333333333333333,1.4,0.9999999999999999,0.3333333333333333,0.2857142857142857,0.6666666666666666
"frozenset({'docker', 'java'})",frozenset({'k8s'}),0.2,0.06666666666666667,0.06666666666666667,0.3333333333333333,5.0,1.0,0.05333333333333333,1.4,0.9999999999999999,0.3333333333333333,0.2857142857142857,0.6666666666666666
frozenset({'docker'}),"frozenset({'java', 'k8s'})",0.2,0.06666666666666667,0.06666666666666667,0.3333333333333333,5.0,1.0,0.05333333333333333,1.4,0.9999999999999999,0.3333333333333333,0.2857142857142857,0.6666666666666666
"frozenset({'docker', 'spring'})",frozenset({'k8s'}),0.2,0.06666666666666667,0.06666666666666667,0.3333333333333333,5.0,1.0,0.05333333333333333,1.4,0.9999999999999999,0.3333333333333333,0.2857142857142857,0.6666666666666666
frozenset({'docker'}),"frozenset({'spring', 'k8s'})",0.2,0.06666666666666667,0.06666666666666667,0.3333333333333333,5.0,1.0,0.05333333333333333,1.4,0.9999999999999999,0.3333333333333333,0.2857142857142857,0.6666666666666666
"frozenset({'docker', 'java'})","frozenset({'微服务', 'k8s'})",0.2,0.06666666666666667,0.06666666666666667,0.3333333333333333,5.0,1.0,0.05333333333333333,1.4,0.9999999999999999,0.3333333333333333,0.2857142857142857,0.6666666666666666
frozenset({'docker'}),"frozenset({'java', '微服务', 'k8s'})",0.2,0.06666666666666667,0.06666666666666667,0.3333333333333333,5.0,1.0,0.05333333333333333,1.4,0.9999999999999999,0.3333333333333333,0.2857142857142857,0.6666666666666666
"frozenset({'docker', 'spring', 'java'})",frozenset({'k8s'}),0.2,0.06666666666666667,0.06666666666666667,0.3333333333333333,5.0,1.0,0.05333333333333333,1.4,0.9999999999999999,0.3333333333333333,0.2857142857142857,0.6666666666666666
"frozenset({'docker', 'spring'})","frozenset({'java', 'k8s'})",0.2,0.06666666666666667,0.06666666666666667,0.3333333333333333,5.0,1.0,0.05333333333333333,1.4,0.9999999999999999,0.3333333333333333,0.2857142857142857,0.6666666666666666
"frozenset({'docker', 'java'})","frozenset({'spring', 'k8s'})",0.2,0.06666666666666667,0.06666666666666667,0.3333333333333333,5.0,1.0,0.05333333333333333,1.4,0.9999999999999999,0.3333333333333333,0.2857142857142857,0.6666666666666666
frozenset({'docker'}),"frozenset({'spring', 'java', 'k8s'})",0.2,0.06666666666666667,0.06666666666666667,0.3333333333333333,5.0,1.0,0.05333333333333333,1.4,0.9999999999999999,0.3333333333333333,0.2857142857142857,0.6666666666666666
"frozenset({'docker', 'spring'})","frozenset({'微服务', 'k8s'})",0.2,0.06666666666666667,0.06666666666666667,0.3333333333333333,5.0,1.0,0.05333333333333333,1.4,0.9999999999999999,0.3333333333333333,0.2857142857142857,0.6666666666666666
frozenset({'docker'}),"frozenset({'spring', '微服务', 'k8s'})",0.2,0.06666666666666667,0.06666666666666667,0.3333333333333333,5.0,1.0,0.05333333333333333,1.4,0.9999999999999999,0.3333333333333333,0.2857142857142857,0.6666666666666666
frozenset({'kafka'}),"frozenset({'spring', '分布式', '微服务'})",0.2,0.06666666666666667,0.06666666666666667,0.3333333333333333,5.0,1.0,0.05333333333333333,1.4,0.9999999999999999,0.3333333333333333,0.2857142857142857,0.6666666666666666
"frozenset({'docker', 'spring', 'java'})","frozenset({'微服务', 'k8s'})",0.2,0.06666666666666667,0.06666666666666667,0.3333333333333333,5.0,1.0,0.05333333333333333,1.4,0.9999999999999999,0.3333333333333333,0.2857142857142857,0.6666666666666666
"frozenset({'docker', 'java'})","frozenset({'spring', '微服务', 'k8s'})",0.2,0.06666666666666667,0.06666666666666667,0.3333333333333333,5.0,1.0,0.05333333333333333,1.4,0.9999999999999999,0.3333333333333333,0.2857142857142857,0.6666666666666666
"frozenset({'docker', 'spring'})","frozenset({'java', '微服务', 'k8s'})",0.2,0.06666666666666667,0.06666666666666667,0.3333333333333333,5.0,1.0,0.05333333333333333,1.4,0.9999999999999999,0.3333333333333333,0.2857142857142857,0.6666666666666666
frozenset({'docker'}),"frozenset({'spring', 'java', '微服务', 'k8s'})",0.2,0.06666666666666667,0.06666666666666667,0.3333333333333333,5.0,1.0,0.05333333333333333,1.4,0.9999999999999999,0.3333333333333333,0.2857142857142857,0.6666666666666666
frozenset({'kafka'}),"frozenset({'spring', '分布式', 'java', '微服务'})",0.2,0.06666666666666667,0.06666666666666667,0.3333333333333333,5.0,1.0,0.05333333333333333,1.4,0.9999999999999999,0.3333333333333333,0.2857142857142857,0.6666666666666666
frozenset({'kafka'}),"frozenset({'spring', '分布式', 'redis', '微服务'})",0.2,0.06666666666666667,0.06666666666666667,0.3333333333333333,5.0,1.0,0.05333333333333333,1.4,0.9999999999999999,0.3333333333333333,0.2857142857142857,0.6666666666666666
frozenset({'kafka'}),"frozenset({'java', 'spring', '分布式', '微服务', 'redis'})",0.2,0.06666666666666667,0.06666666666666667,0.3333333333333333,5.0,1.0,0.05333333333333333,1.4,0.9999999999999999,0.3333333333333333,0.2857142857142857,0.6666666666666666
frozenset({'数据分析'}),frozenset({'sql'}),0.16666666666666666,0.16666666666666666,0.13333333333333333,0.8,4.800000000000001,1.0,0.10555555555555556,4.166666666666668,0.95,0.6666666666666667,0.76,0.8
frozenset({'sql'}),frozenset({'数据分析'}),0.16666666666666666,0.16666666666666666,0.13333333333333333,0.8,4.800000000000001,1.0,0.10555555555555556,4.166666666666668,0.95,0.6666666666666667,0.76,0.8
"frozenset({'python', '数据分析'})",frozenset({'sql'}),0.16666666666666666,0.16666666666666666,0.13333333333333333,0.8,4.800000000000001,1.0,0.10555555555555556,4.166666666666668,0.95,0.6666666666666667,0.76,0.8
"frozenset({'python', 'sql'})",frozenset({'数据分析'}),0.16666666666666666,0.16666666666666666,0.13333333333333333,0.8,4.800000000000001,1.0,0.10555555555555556,4.166666666666668,0.95,0.6666666666666667,0.76,0.8
frozenset({'数据分析'}),"frozenset({'python', 'sql'})",0.16666666666666666,0.16666666666666666,0.13333333333333333,0.8,4.800000000000001,1.0,0.10555555555555556,4.166666666666668,0.95,0.6666666666666667,0.76,0.8
frozenset({'sql'}),"frozenset({'python', '数据分析'})",0.16666666666666666,0.16666666666666666,0.13333333333333333,0.8,4.800000000000001,1.0,0.10555555555555556,4.166666666666668,0.95,0.6666666666666667,0.76,0.8
"frozenset({'分布式', 'java'})",frozenset({'redis'}),0.16666666666666666,0.23333333333333334,0.16666666666666666,1.0,4.285714285714286,1.0,0.12777777777777777,inf,0.9199999999999999,0.7142857142857142,1.0,0.8571428571428571
frozenset({'分布式'}),"frozenset({'java', 'redis'})",0.16666666666666666,0.23333333333333334,0.16666666666666666,1.0,4.285714285714286,1.0,0.12777777777777777,inf,0.9199999999999999,0.7142857142857142,1.0,0.8571428571428571
"frozenset({'分布式', 'java', 'kafka'})",frozenset({'redis'}),0.16666666666666666,0.23333333333333334,0.16666666666666666,1.0,4.285714285714286,1.0,0.12777777777777777,inf,0.9199999999999999,0.7142857142857142,1.0,0.8571428571428571
"frozenset({'分布式', 'kafka'})","frozenset({'java', 'redis'})",0.16666666666666666,0.23333333333333334,0.16666666666666666,1.0,4.285714285714286,1.0,0.12777777777777777,inf,0.9199999999999999,0.7142857142857142,1.0,0.8571428571428571
"frozenset({'分布式', 'kafka'})",frozenset({'redis'}),0.16666666666666666,0.23333333333333334,0.16666666666666666,1.0,4.285714285714286,1.0,0.12777777777777777,inf,0.9199999999999999,0.7142857142857142,1.0,0.8571428571428571
"frozenset({'java', 'kafka'})",frozenset({'redis'}),0.16666666666666666,0.23333333333333334,0.16666666666666666,1.0,4.285714285714286,1.0,0.12777777777777777,inf,0.9199999999999999,0.7142857142857142,1.0,0.8571428571428571
frozenset({'分布式'}),frozenset({'redis'}),0.16666666666666666,0.23333333333333334,0.16666666666666666,1.0,4.285714285714286,1.0,0.12777777777777777,inf,0.9199999999999999,0.7142857142857142,1.0,0.8571428571428571
frozenset({'linux'}),"frozenset({'spring', 'mysql'})",0.13333333333333333,0.23333333333333334,0.13333333333333333,1.0,4.285714285714286,1.0,0.10222222222222221,inf,0.8846153846153845,0.5714285714285714,1.0,0.7857142857142857
"frozenset({'java', 'linux'})","frozenset({'spring', 'mysql'})",0.13333333333333333,0.23333333333333334,0.13333333333333333,1.0,4.285714285714286,1.0,0.10222222222222221,inf,0.8846153846153845,0.5714285714285714,1.0,0.7857142857142857
frozenset({'linux'}),"frozenset({'spring', 'java', 'mysql'})",0.13333333333333333,0.23333333333333334,0.13333333333333333,1.0,4.285714285714286,1.0,0.10222222222222221,inf,0.8846153846153845,0.5714285714285714,1.0,0.7857142857142857
"frozenset({'微服务', 'kafka'})",frozenset({'redis'}),0.1,0.23333333333333334,0.1,1.0,4.285714285714286,1.0,0.07666666666666667,inf,0.8518518518518519,0.42857142857142855,1.0,0.7142857142857143
"frozenset({'spring', 'kafka'})",frozenset({'redis'}),0.1,0.23333333333333334,0.1,1.0,4.285714285714286,1.0,0.07666666666666667,inf,0.8518518518518519,0.42857142857142855,1.0,0.7142857142857143
"frozenset({'分布式', '微服务'})",frozenset({'redis'}),0.1,0.23333333333333334,0.1,1.0,4.285714285714286,1.0,0.07666666666666667,inf,0.8518518518518519,0.42857142857142855,1.0,0.7142857142857143
"frozenset({'spring', '分布式'})",frozenset({'redis'}),0.1,0.23333333333333334,0.1,1.0,4.285714285714286,1.0,0.07666666666666667,inf,0.8518518518518519,0.42857142857142855,1.0,0.7142857142857143
"frozenset({'spring', 'java', 'kafka'})",frozenset({'redis'}),0.1,0.23333333333333334,0.1,1.0,4.285714285714286,1.0,0.07666666666666667,inf,0.8518518518518519,0.42857142857142855,1.0,0.7142857142857143
"frozenset({'spring', 'kafka'})","frozenset({'java', 'redis'})",0.1,0.23333333333333334,0.1,1.0,4.285714285714286,1.0,0.07666666666666667,inf,0.8518518518518519,0.42857142857142855,1.0,0.7142857142857143
"frozenset({'java', '微服务', 'kafka'})",frozenset({'redis'}),0.1,0.23333333333333334,0.1,1.0,4.285714285714286,1.0,0.07666666666666667,inf,0.8518518518518519,0.42857142857142855,1.0,0.7142857142857143
"frozenset({'微服务', 'kafka'})","frozenset({'java', 'redis'})",0.1,0.23333333333333334,0.1,1.0,4.285714285714286,1.0,0.07666666666666667,inf,0.8518518518518519,0.42857142857142855,1.0,0.7142857142857143
"frozenset({'分布式', '微服务', 'kafka'})",frozenset({'redis'}),0.1,0.23333333333333334,0.1,1.0,4.285714285714286,1.0,0.07666666666666667,inf,0.8518518518518519,0.42857142857142855,1.0,0.7142857142857143
"frozenset({'spring', '分布式', 'java', 'kafka'})",frozenset({'redis'}),0.1,0.23333333333333334,0.1,1.0,4.285714285714286,1.0,0.07666666666666667,inf,0.8518518518518519,0.42857142857142855,1.0,0.7142857142857143
"frozenset({'spring', '分布式', 'kafka'})","frozenset({'java', 'redis'})",0.1,0.23333333333333334,0.1,1.0,4.285714285714286,1.0,0.07666666666666667,inf,0.8518518518518519,0.42857142857142855,1.0,0.7142857142857143
"frozenset({'分布式', 'java', '微服务', 'kafka'})",frozenset({'redis'}),0.1,0.23333333333333334,0.1,1.0,4.285714285714286,1.0,0.07666666666666667,inf,0.8518518518518519,0.42857142857142855,1.0,0.7142857142857143
"frozenset({'分布式', '微服务', 'kafka'})","frozenset({'java', 'redis'})",0.1,0.23333333333333334,0.1,1.0,4.285714285714286,1.0,0.07666666666666667,inf,0.8518518518518519,0.42857142857142855,1.0,0.7142857142857143
"frozenset({'spring', '分布式', 'java'})",frozenset({'redis'}),0.1,0.23333333333333334,0.1,1.0,4.285714285714286,1.0,0.07666666666666667,inf,0.8518518518518519,0.42857142857142855,1.0,0.7142857142857143
"frozenset({'spring', '分布式'})","frozenset({'java', 'redis'})",0.1,0.23333333333333334,0.1,1.0,4.285714285714286,1.0,0.07666666666666667,inf,0.8518518518518519,0.42857142857142855,1.0,0.7142857142857143
"frozenset({'spring', '分布式', 'kafka'})",frozenset({'redis'}),0.1,0.23333333333333334,0.1,1.0,4.285714285714286,1.0,0.07666666666666667,inf,0.8518518518518519,0.42857142857142855,1.0,0.7142857142857143
"frozenset({'分布式', 'java', '微服务'})",frozenset({'redis'}),0.1,0.23333333333333334,0.1,1.0,4.285714285714286,1.0,0.07666666666666667,inf,0.8518518518518519,0.42857142857142855,1.0,0.7142857142857143
"frozenset({'分布式', '微服务'})","frozenset({'java', 'redis'})",0.1,0.23333333333333334,0.1,1.0,4.285714285714286,1.0,0.07666666666666667,inf,0.8518518518518519,0.42857142857142855,1.0,0.7142857142857143
"frozenset({'java', 'mybatis'})","frozenset({'spring', 'mysql'})",0.1,0.23333333333333334,0.1,1.0,4.285714285714286,1.0,0.07666666666666667,inf,0.8518518518518519,0.42857142857142855,1.0,0.7142857142857143
frozenset({'mybatis'}),"frozenset({'spring', 'java', 'mysql'})",0.1,0.23333333333333334,0.1,1.0,4.285714285714286,1.0,0.07666666666666667,inf,0.8518518518518519,0.42857142857142855,1.0,0.7142857142857143
frozenset({'mybatis'}),"frozenset({'spring', 'mysql'})",0.1,0.23333333333333334,0.1,1.0,4.285714285714286,1.0,0.07666666666666667,inf,0.8518518518518519,0.42857142857142855,1.0,0.7142857142857143
frozenset({'k8s'}),"frozenset({'spring', '微服务'})",0.06666666666666667,0.23333333333333334,0.06666666666666667,1.0,4.285714285714286,1.0,0.05111111111111111,inf,0.8214285714285714,0.2857142857142857,1.0,0.6428571428571428
"frozenset({'java', 'k8s'})","frozenset({'spring', '微服务'})",0.06666666666666667,0.23333333333333334,0.06666666666666667,1.0,4.285714285714286,1.0,0.05111111111111111,inf,0.8214285714285714,0.2857142857142857,1.0,0.6428571428571428
frozenset({'k8s'}),"frozenset({'spring', 'java', '微服务'})",0.06666666666666667,0.23333333333333334,0.06666666666666667,1.0,4.285714285714286,1.0,0.05111111111111111,inf,0.8214285714285714,0.2857142857142857,1.0,0.6428571428571428
"frozenset({'docker', 'redis'})","frozenset({'spring', '微服务'})",0.06666666666666667,0.23333333333333334,0.06666666666666667,1.0,4.285714285714286,1.0,0.05111111111111111,inf,0.8214285714285714,0.2857142857142857,1.0,0.6428571428571428
"frozenset({'docker', 'k8s'})","frozenset({'spring', '微服务'})",0.06666666666666667,0.23333333333333334,0.06666666666666667,1.0,4.285714285714286,1.0,0.05111111111111111,inf,0.8214285714285714,0.2857142857142857,1.0,0.6428571428571428
"frozenset({'docker', 'linux'})","frozenset({'spring', 'mysql'})",0.06666666666666667,0.23333333333333334,0.06666666666666667,1.0,4.285714285714286,1.0,0.05111111111111111,inf,0.8214285714285714,0.2857142857142857,1.0,0.6428571428571428
"frozenset({'spring', '微服务', 'kafka'})",frozenset({'redis'}),0.06666666666666667,0.23333333333333334,0.06666666666666667,1.0,4.285714285714286,1.0,0.05111111111111111,inf,0.8214285714285714,0.2857142857142857,1.0,0.6428571428571428
"frozenset({'linux', 'mybatis'})","frozenset({'spring', 'mysql'})",0.06666666666666667,0.23333333333333334,0.06666666666666667,1.0,4.285714285714286,1.0,0.05111111111111111,inf,0.8214285714285714,0.2857142857142857,1.0,0.6428571428571428
"frozenset({'docker', 'java', 'k8s'})","frozenset({'spring', '微服务'})",0.06666666666666667,0.23333333333333334,0.06666666666666667,1.0,4.285714285714286,1.0,0.05111111111111111,inf,0.8214285714285714,0.2857142857142857,1.0,0.6428571428571428
"frozenset({'docker', 'k8s'})","frozenset({'spring', 'java', '微服务'})",0.06666666666666667,0.23333333333333334,0.06666666666666667,1.0,4.285714285714286,1.0,0.05111111111111111,inf,0.8214285714285714,0.2857142857142857,1.0,0.6428571428571428
"frozenset({'docker', 'java', 'linux'})","frozenset({'spring', 'mysql'})",0.06666666666666667,0.23333333333333334,0.06666666666666667,1.0,4.285714285714286,1.0,0.05111111111111111,inf,0.8214285714285714,0.2857142857142857,1.0,0.6428571428571428
"frozenset({'docker', 'linux'})","frozenset({'spring', 'java', 'mysql'})",0.06666666666666667,0.23333333333333334,0.06666666666666667,1.0,4.285714285714286,1.0,0.05111111111111111,inf,0.8214285714285714,0.2857142857142857,1.0,0.6428571428571428
"frozenset({'spring', '分布式', '微服务'})",frozenset({'redis'}),0.06666666666666667,0.23333333333333334,0.06666666666666667,1.0,4.285714285714286,1.0,0.05111111111111111,inf,0.8214285714285714,0.2857142857142857,1.0,0.6428571428571428
"frozenset({'docker', 'java', 'redis'})","frozenset({'spring', '微服务'})",0.06666666666666667,0.23333333333333334,0.06666666666666667,1.0,4.285714285714286,1.0,0.05111111111111111,inf,0.8214285714285714,0.2857142857142857,1.0,0.6428571428571428
"frozenset({'docker', 'redis'})","frozenset({'spring', 'java', '微服务'})",0.06666666666666667,0.23333333333333334,0.06666666666666667,1.0,4.285714285714286,1.0,0.05111111111111111,inf,0.8214285714285714,0.2857142857142857,1.0,0.6428571428571428
"frozenset({'spring', 'java', '微服务', 'kafka'})",frozenset({'redis'}),0.06666666666666667,0.23333333333333334,0.06666666666666667,1.0,4.285714285714286,1.0,0.05111111111111111,inf,0.8214285714285714,0.2857142857142857,1.0,0.6428571428571428
"frozenset({'spring', '微服务', 'kafka'})","frozenset({'java', 'redis'})",0.06666666666666667,0.23333333333333334,0.06666666666666667,1.0,4.285714285714286,1.0,0.05111111111111111,inf,0.8214285714285714,0.2857142857142857,1.0,0.6428571428571428
"frozenset({'java', 'linux', 'mybatis'})","frozenset({'spring', 'mysql'})",0.06666666666666667,0.23333333333333334,0.06666666666666667,1.0,4.285714285714286,1.0,0.05111111111111111,inf,0.8214285714285714,0.2857142857142857,1.0,0.6428571428571428
"frozenset({'linux', 'mybatis'})","frozenset({'spring', 'java', 'mysql'})",0.06666666666666667,0.23333333333333334,0.06666666666666667,1.0,4.285714285714286,1.0,0.05111111111111111,inf,0.8214285714285714,0.2857142857142857,1.0,0.6428571428571428
"frozenset({'spring', '分布式', 'java', '微服务'})",frozenset({'redis'}),0.06666666666666667,0.23333333333333334,0.06666666666666667,1.0,4.285714285714286,1.0,0.05111111111111111,inf,0.8214285714285714,0.2857142857142857,1.0,0.6428571428571428
"frozenset({'spring', '分布式', '微服务'})","frozenset({'java', 'redis'})",0.06666666666666667,0.23333333333333334,0.06666666666666667,1.0,4.285714285714286,1.0,0.05111111111111111,inf,0.8214285714285714,0.2857142857142857,1.0,0.6428571428571428
"frozenset({'spring', '分布式', '微服务', 'kafka'})",frozenset({'redis'}),0.06666666666666667,0.23333333333333334,0.06666666666666667,1.0,4.285714285714286,1.0,0.05111111111111111,inf,0.8214285714285714,0.2857142857142857,1.0,0.6428571428571428
"frozenset({'java', 'kafka', 'spring', '分布式', '微服务'})",frozenset({'redis'}),0.06666666666666667,0.23333333333333334,0.06666666666666667,1.0,4.285714285714286,1.0,0.05111111111111111,inf,0.8214285714285714,0.2857142857142857,1.0,0.6428571428571428
"frozenset({'spring', '分布式', '微服务', 'kafka'})","frozenset({'java', 'redis'})",0.06666666666666667,0.23333333333333334,0.06666666666666667,1.0,4.285714285714286,1.0,0.05111111111111111,inf,0.8214285714285714,0.2857142857142857,1.0,0.6428571428571428
"frozenset({'java', 'redis'})",frozenset({'分布式'}),0.23333333333333334,0.16666666666666666,0.16666666666666666,0.7142857142857142,4.285714285714286,1.0,0.12777777777777777,2.9166666666666656,1.0,0.7142857142857142,0.657142857142857,0.8571428571428571
frozenset({'redis'}),"frozenset({'分布式', 'java'})",0.23333333333333334,0.16666666666666666,0.16666666666666666,0.7142857142857142,4.285714285714286,1.0,0.12777777777777777,2.9166666666666656,1.0,0.7142857142857142,0.657142857142857,0.8571428571428571
"frozenset({'java', 'redis'})","frozenset({'分布式', 'kafka'})",0.23333333333333334,0.16666666666666666,0.16666666666666666,0.7142857142857142,4.285714285714286,1.0,0.12777777777777777,2.9166666666666656,1.0,0.7142857142857142,0.657142857142857,0.8571428571428571
frozenset({'redis'}),"frozenset({'分布式', 'java', 'kafka'})",0.23333333333333334,0.16666666666666666,0.16666666666666666,0.7142857142857142,4.285714285714286,1.0,0.12777777777777777,2.9166666666666656,1.0,0.7142857142857142,0.657142857142857,0.8571428571428571
frozenset({'redis'}),"frozenset({'分布式', 'kafka'})",0.23333333333333334,0.16666666666666666,0.16666666666666666,0.7142857142857142,4.285714285714286,1.0,0.12777777777777777,2.9166666666666656,1.0,0.7142857142857142,0.657142857142857,0.8571428571428571
frozenset({'redis'}),"frozenset({'java', 'kafka'})",0.23333333333333334,0.16666666666666666,0.16666666666666666,0.7142857142857142,4.285714285714286,1.0,0.12777777777777777,2.9166666666666656,1.0,0.7142857142857142,0.657142857142857,0.8571428571428571
frozenset({'redis'}),frozenset({'分布式'}),0.23333333333333334,0.16666666666666666,0.16666666666666666,0.7142857142857142,4.285714285714286,1.0,0.12777777777777777,2.9166666666666656,1.0,0.7142857142857142,0.657142857142857,0.8571428571428571
"frozenset({'spring', 'mysql'})",frozenset({'linux'}),0.23333333333333334,0.13333333333333333,0.13333333333333333,0.5714285714285714,4.285714285714286,1.0,0.10222222222222221,2.022222222222222,1.0,0.5714285714285714,0.5054945054945055,0.7857142857142857
"frozenset({'spring', 'java', 'mysql'})",frozenset({'linux'}),0.23333333333333334,0.13333333333333333,0.13333333333333333,0.5714285714285714,4.285714285714286,1.0,0.10222222222222221,2.022222222222222,1.0,0.5714285714285714,0.5054945054945055,0.7857142857142857
"frozenset({'spring', 'mysql'})","frozenset({'java', 'linux'})",0.23333333333333334,0.13333333333333333,0.13333333333333333,0.5714285714285714,4.285714285714286,1.0,0.10222222222222221,2.022222222222222,1.0,0.5714285714285714,0.5054945054945055,0.7857142857142857
frozenset({'redis'}),"frozenset({'微服务', 'kafka'})",0.23333333333333334,0.1,0.1,0.4285714285714286,4.285714285714286,1.0,0.07666666666666667,1.5750000000000002,1.0000000000000002,0.42857142857142855,0.3650793650793651,0.7142857142857143
frozenset({'redis'}),"frozenset({'spring', 'kafka'})",0.23333333333333334,0.1,0.1,0.4285714285714286,4.285714285714286,1.0,0.07666666666666667,1.5750000000000002,1.0000000000000002,0.42857142857142855,0.3650793650793651,0.7142857142857143
frozenset({'redis'}),"frozenset({'分布式', '微服务'})",0.23333333333333334,0.1,0.1,0.4285714285714286,4.285714285714286,1.0,0.07666666666666667,1.5750000000000002,1.0000000000000002,0.42857142857142855,0.3650793650793651,0.7142857142857143
frozenset({'redis'}),"frozenset({'spring', '分布式'})",0.23333333333333334,0.1,0.1,0.4285714285714286,4.285714285714286,1.0,0.07666666666666667,1.5750000000000002,1.0000000000000002,0.42857142857142855,0.3650793650793651,0.7142857142857143
"frozenset({'java', 'redis'})","frozenset({'spring', 'kafka'})",0.23333333333333334,0.1,0.1,0.4285714285714286,4.285714285714286,1.0,0.07666666666666667,1.5750000000000002,1.0000000000000002,0.42857142857142855,0.3650793650793651,0.7142857142857143
frozenset({'redis'}),"frozenset({'spring', 'java', 'kafka'})",0.23333333333333334,0.1,0.1,0.4285714285714286,4.285714285714286,1.0,0.07666666666666667,1.5750000000000002,1.0000000000000002,0.42857142857142855,0.3650793650793651,0.7142857142857143
"frozenset({'java', 'redis'})","frozenset({'微服务', 'kafka'})",0.23333333333333334,0.1,0.1,0.4285714285714286,4.285714285714286,1.0,0.07666666666666667,1.5750000000000002,1.0000000000000002,0.42857142857142855,0.3650793650793651,0.7142857142857143
frozenset({'redis'}),"frozenset({'java', '微服务', 'kafka'})",0.23333333333333334,0.1,0.1,0.4285714285714286,4.285714285714286,1.0,0.07666666666666667,1.5750000000000002,1.0000000000000002,0.42857142857142855,0.3650793650793651,0.7142857142857143
frozenset({'redis'}),"frozenset({'分布式', '微服务', 'kafka'})",0.23333333333333334,0.1,0.1,0.4285714285714286,4.285714285714286,1.0,0.07666666666666667,1.5750000000000002,1.0000000000000002,0.42857142857142855,0.3650793650793651,0.7142857142857143
"frozenset({'java', 'redis'})","frozenset({'spring', '分布式', 'kafka'})",0.23333333333333334,0.1,0.1,0.4285714285714286,4.285714285714286,1.0,0.07666666666666667,1.5750000000000002,1.0000000000000002,0.42857142857142855,0.3650793650793651,0.7142857142857143
frozenset({'redis'}),"frozenset({'spring', '分布式', 'java', 'kafka'})",0.23333333333333334,0.1,0.1,0.4285714285714286,4.285714285714286,1.0,0.07666666666666667,1.5750000000000002,1.0000000000000002,0.42857142857142855,0.3650793650793651,0.7142857142857143
"frozenset({'java', 'redis'})","frozenset({'分布式', '微服务', 'kafka'})",0.23333333333333334,0.1,0.1,0.4285714285714286,4.285714285714286,1.0,0.07666666666666667,1.5750000000000002,1.0000000000000002,0.42857142857142855,0.3650793650793651,0.7142857142857143
frozenset({'redis'}),"frozenset({'分布式', 'java', '微服务', 'kafka'})",0.23333333333333334,0.1,0.1,0.4285714285714286,4.285714285714286,1.0,0.07666666666666667,1.5750000000000002,1.0000000000000002,0.42857142857142855,0.3650793650793651,0.7142857142857143
"frozenset({'java', 'redis'})","frozenset({'spring', '分布式'})",0.23333333333333334,0.1,0.1,0.4285714285714286,4.285714285714286,1.0,0.07666666666666667,1.5750000000000002,1.0000000000000002,0.42857142857142855,0.3650793650793651,0.7142857142857143
frozenset({'redis'}),"frozenset({'spring', '分布式', 'java'})",0.23333333333333334,0.1,0.1,0.4285714285714286,4.285714285714286,1.0,0.07666666666666667,1.5750000000000002,1.0000000000000002,0.42857142857142855,0.3650793650793651,0.7142857142857143
frozenset({'redis'}),"frozenset({'spring', '分布式', 'kafka'})",0.23333333333333334,0.1,0.1,0.4285714285714286,4.285714285714286,1.0,0.07666666666666667,1.5750000000000002,1.0000000000000002,0.42857142857142855,0.3650793650793651,0.7142857142857143
"frozenset({'java', 'redis'})","frozenset({'分布式', '微服务'})",0.23333333333333334,0.1,0.1,0.4285714285714286,4.285714285714286,1.0,0.07666666666666667,1.5750000000000002,1.0000000000000002,0.42857142857142855,0.3650793650793651,0.7142857142857143
frozenset({'redis'}),"frozenset({'分布式', 'java', '微服务'})",0.23333333333333334,0.1,0.1,0.4285714285714286,4.285714285714286,1.0,0.07666666666666667,1.5750000000000002,1.0000000000000002,0.42857142857142855,0.3650793650793651,0.7142857142857143
"frozenset({'spring', 'java', 'mysql'})",frozenset({'mybatis'}),0.23333333333333334,0.1,0.1,0.4285714285714286,4.285714285714286,1.0,0.07666666666666667,1.5750000000000002,1.0000000000000002,0.42857142857142855,0.3650793650793651,0.7142857142857143
"frozenset({'spring', 'mysql'})","frozenset({'java', 'mybatis'})",0.23333333333333334,0.1,0.1,0.4285714285714286,4.285714285714286,1.0,0.07666666666666667,1.5750000000000002,1.0000000000000002,0.42857142857142855,0.3650793650793651,0.7142857142857143
"frozenset({'spring', 'mysql'})",frozenset({'mybatis'}),0.23333333333333334,0.1,0.1,0.4285714285714286,4.285714285714286,1.0,0.07666666666666667,1.5750000000000002,1.0000000000000002,0.42857142857142855,0.3650793650793651,0.7142857142857143
frozenset({'pandas'}),frozenset({'sql'}),0.1,0.16666666666666666,0.06666666666666667,0.6666666666666666,4.0,1.0,0.05,2.5,0.8333333333333334,0.3333333333333333,0.6,0.5333333333333333
"frozenset({'数据分析', 'pandas'})",frozenset({'sql'}),0.1,0.16666666666666666,0.06666666666666667,0.6666666666666666,4.0,1.0,0.05,2.5,0.8333333333333334,0.3333333333333333,0.6,0.5333333333333333
"frozenset({'python', 'pandas'})",frozenset({'sql'}),0.1,0.16666666666666666,0.06666666666666667,0.6666666666666666,4.0,1.0,0.05,2.5,0.8333333333333334,0.3333333333333333,0.6,0.5333333333333333
frozenset({'pandas'}),"frozenset({'python', 'sql'})",0.1,0.16666666666666666,0.06666666666666667,0.6666666666666666,4.0,1.0,0.05,2.5,0.8333333333333334,0.3333333333333333,0.6,0.5333333333333333
"frozenset({'spring', 'kafka'})","frozenset({'redis', '微服务'})",0.1,0.16666666666666666,0.06666666666666667,0.6666666666666666,4.0,1.0,0.05,2.5,0.8333333333333334,0.3333333333333333,0.6,0.5333333333333333
"frozenset({'微服务', 'kafka'})","frozenset({'spring', 'redis'})",0.1,0.16666666666666666,0.06666666666666667,0.6666666666666666,4.0,1.0,0.05,2.5,0.8333333333333334,0.3333333333333333,0.6,0.5333333333333333
"frozenset({'python', '数据分析', 'pandas'})",frozenset({'sql'}),0.1,0.16666666666666666,0.06666666666666667,0.6666666666666666,4.0,1.0,0.05,2.5,0.8333333333333334,0.3333333333333333,0.6,0.5333333333333333
"frozenset({'数据分析', 'pandas'})","frozenset({'python', 'sql'})",0.1,0.16666666666666666,0.06666666666666667,0.6666666666666666,4.0,1.0,0.05,2.5,0.8333333333333334,0.3333333333333333,0.6,0.5333333333333333
"frozenset({'spring', '分布式'})","frozenset({'redis', '微服务'})",0.1,0.16666666666666666,0.06666666666666667,0.6666666666666666,4.0,1.0,0.05,2.5,0.8333333333333334,0.3333333333333333,0.6,0.5333333333333333
"frozenset({'分布式', '微服务'})","frozenset({'spring', 'redis'})",0.1,0.16666666666666666,0.06666666666666667,0.6666666666666666,4.0,1.0,0.05,2.5,0.8333333333333334,0.3333333333333333,0.6,0.5333333333333333
"frozenset({'spring', 'java', 'kafka'})","frozenset({'redis', '微服务'})",0.1,0.16666666666666666,0.06666666666666667,0.6666666666666666,4.0,1.0,0.05,2.5,0.8333333333333334,0.3333333333333333,0.6,0.5333333333333333
"frozenset({'java', '微服务', 'kafka'})","frozenset({'spring', 'redis'})",0.1,0.16666666666666666,0.06666666666666667,0.6666666666666666,4.0,1.0,0.05,2.5,0.8333333333333334,0.3333333333333333,0.6,0.5333333333333333
"frozenset({'spring', 'kafka'})","frozenset({'redis', 'java', '微服务'})",0.1,0.16666666666666666,0.06666666666666667,0.6666666666666666,4.0,1.0,0.05,2.5,0.8333333333333334,0.3333333333333333,0.6,0.5333333333333333
"frozenset({'微服务', 'kafka'})","frozenset({'spring', 'java', 'redis'})",0.1,0.16666666666666666,0.06666666666666667,0.6666666666666666,4.0,1.0,0.05,2.5,0.8333333333333334,0.3333333333333333,0.6,0.5333333333333333
"frozenset({'spring', '分布式', 'java'})","frozenset({'redis', '微服务'})",0.1,0.16666666666666666,0.06666666666666667,0.6666666666666666,4.0,1.0,0.05,2.5,0.8333333333333334,0.3333333333333333,0.6,0.5333333333333333
"frozenset({'分布式', 'java', '微服务'})","frozenset({'spring', 'redis'})",0.1,0.16666666666666666,0.06666666666666667,0.6666666666666666,4.0,1.0,0.05,2.5,0.8333333333333334,0.3333333333333333,0.6,0.5333333333333333
"frozenset({'spring', '分布式'})","frozenset({'redis', 'java', '微服务'})",0.1,0.16666666666666666,0.06666666666666667,0.6666666666666666,4.0,1.0,0.05,2.5,0.8333333333333334,0.3333333333333333,0.6,0.5333333333333333
"frozenset({'分布式', '微服务'})","frozenset({'spring', 'java', 'redis'})",0.1,0.16666666666666666,0.06666666666666667,0.6666666666666666,4.0,1.0,0.05,2.5,0.8333333333333334,0.3333333333333333,0.6,0.5333333333333333
"frozenset({'spring', '分布式', 'kafka'})","frozenset({'redis', '微服务'})",0.1,0.16666666666666666,0.06666666666666667,0.6666666666666666,4.0,1.0,0.05,2.5,0.8333333333333334,0.3333333333333333,0.6,0.5333333333333333
"frozenset({'分布式', '微服务', 'kafka'})","frozenset({'spring', 'redis'})",0.1,0.16666666666666666,0.06666666666666667,0.6666666666666666,4.0,1.0,0.05,2.5,0.8333333333333334,0.3333333333333333,0.6,0.5333333333333333
"frozenset({'spring', '分布式', 'java', 'kafka'})","frozenset({'微服务', 'redis'})",0.1,0.16666666666666666,0.06666666666666667,0.6666666666666666,4.0,1.0,0.05,2.5,0.8333333333333334,0.3333333333333333,0.6,0.5333333333333333
"frozenset({'分布式', 'java', '微服务', 'kafka'})","frozenset({'spring', 'redis'})",0.1,0.16666666666666666,0.06666666666666667,0.6666666666666666,4.0,1.0,0.05,2.5,0.8333333333333334,0.3333333333333333,0.6,0.5333333333333333
"frozenset({'spring', '分布式', 'kafka'})","frozenset({'微服务', 'java', 'redis'})",0.1,0.16666666666666666,0.06666666666666667,0.6666666666666666,4.0,1.0,0.05,2.5,0.8333333333333334,0.3333333333333333,0.6,0.5333333333333333
"frozenset({'分布式', '微服务', 'kafka'})","frozenset({'spring', 'java', 'redis'})",0.1,0.16666666666666666,0.06666666666666667,0.6666666666666666,4.0,1.0,0.05,2.5,0.8333333333333334,0.3333333333333333,0.6,0.5333333333333333
frozenset({'sql'}),frozenset({'pandas'}),0.16666666666666666,0.1,0.06666666666666667,0.4,4.0,1.0,0.05,1.5,0.9,0.3333333333333333,0.33333333333333337,0.5333333333333333
frozenset({'sql'}),"frozenset({'数据分析', 'pandas'})",0.16666666666666666,0.1,0.06666666666666667,0.4,4.0,1.0,0.05,1.5,0.9,0.3333333333333333,0.33333333333333337,0.5333333333333333
"frozenset({'python', 'sql'})",frozenset({'pandas'}),0.16666666666666666,0.1,0.06666666666666667,0.4,4.0,1.0,0.05,1.5,0.9,0.3333333333333333,0.33333333333333337,0.5333333333333333
frozenset({'sql'}),"frozenset({'python', 'pandas'})",0.16666666666666666,0.1,0.06666666666666667,0.4,4.0,1.0,0.05,1.5,0.9,0.3333333333333333,0.33333333333333337,0.5333333333333333
"frozenset({'spring', 'redis'})","frozenset({'微服务', 'kafka'})",0.16666666666666666,0.1,0.06666666666666667,0.4,4.0,1.0,0.05,1.5,0.9,0.3333333333333333,0.33333333333333337,0.5333333333333333
"frozenset({'redis', '微服务'})","frozenset({'spring', 'kafka'})",0.16666666666666666,0.1,0.06666666666666667,0.4,4.0,1.0,0.05,1.5,0.9,0.3333333333333333,0.33333333333333337,0.5333333333333333
"frozenset({'python', 'sql'})","frozenset({'数据分析', 'pandas'})",0.16666666666666666,0.1,0.06666666666666667,0.4,4.0,1.0,0.05,1.5,0.9,0.3333333333333333,0.33333333333333337,0.5333333333333333
frozenset({'sql'}),"frozenset({'python', '数据分析', 'pandas'})",0.16666666666666666,0.1,0.06666666666666667,0.4,4.0,1.0,0.05,1.5,0.9,0.3333333333333333,0.33333333333333337,0.5333333333333333
"frozenset({'spring', 'redis'})","frozenset({'分布式', '微服务'})",0.16666666666666666,0.1,0.06666666666666667,0.4,4.0,1.0,0.05,1.5,0.9,0.3333333333333333,0.33333333333333337,0.5333333333333333
"frozenset({'redis', '微服务'})","frozenset({'spring', '分布式'})",0.16666666666666666,0.1,0.06666666666666667,0.4,4.0,1.0,0.05,1.5,0.9,0.3333333333333333,0.33333333333333337,0.5333333333333333
"frozenset({'spring', 'java', 'redis'})","frozenset({'微服务', 'kafka'})",0.16666666666666666,0.1,0.06666666666666667,0.4,4.0,1.0,0.05,1.5,0.9,0.3333333333333333,0.33333333333333337,0.5333333333333333
"frozenset({'redis', 'java', '微服务'})","frozenset({'spring', 'kafka'})",0.16666666666666666,0.1,0.06666666666666667,0.4,4.0,1.0,0.05,1.5,0.9,0.3333333333333333,0.33333333333333337,0.5333333333333333
"frozenset({'spring', 'redis'})","frozenset({'java', '微服务', 'kafka'})",0.16666666666666666,0.1,0.06666666666666667,0.4,4.0,1.0,0.05,1.5,0.9,0.3333333333333333,0.33333333333333337,0.5333333333333333
"frozenset({'redis', '微服务'})","frozenset({'spring', 'java', 'kafka'})",0.16666666666666666,0.1,0.06666666666666667,0.4,4.0,1.0,0.05,1.5,0.9,0.3333333333333333,0.33333333333333337,0.5333333333333333
"frozenset({'spring', 'java', 'redis'})","frozenset({'分布式', '微服务'})",0.16666666666666666,0.1,0.06666666666666667,0.4,4.0,1.0,0.05,1.5,0.9,0.3333333333333333,0.33333333333333337,0.5333333333333333
"frozenset({'redis', 'java', '微服务'})","frozenset({'spring', '分布式'})",0.16666666666666666,0.1,0.06666666666666667,0.4,4.0,1.0,0.05,1.5,0.9,0.3333333333333333,0.33333333333333337,0.5333333333333333
"frozenset({'spring', 'redis'})","frozenset({'分布式', 'java', '微服务'})",0.16666666666666666,0.1,0.06666666666666667,0.4,4.0,1.0,0.05,1.5,0.9,0.3333333333333333,0.33333333333333337,0.5333333333333333
"frozenset({'redis', '微服务'})","frozenset({'spring', '分布式', 'java'})",0.16666666666666666,0.1,0.06666666666666667,0.4,4.0,1.0,0.05,1.5,0.9,0.3333333333333333,0.33333333333333337,0.5333333333333333
"frozenset({'spring', 'redis'})","frozenset({'分布式', '微服务', 'kafka'})",0.16666666666666666,0.1,0.06666666666666667,0.4,4.0,1.0,0.05,1.5,0.9,0.3333333333333333,0.33333333333333337,0.5333333333333333
"frozenset({'redis', '微服务'})","frozenset({'spring', '分布式', 'kafka'})",0.16666666666666666,0.1,0.06666666666666667,0.4,4.0,1.0,0.05,1.5,0.9,0.3333333333333333,0.33333333333333337,0.5333333333333333
"frozenset({'spring', 'java', 'redis'})","frozenset({'分布式', '微服务', 'kafka'})",0.16666666666666666,0.1,0.06666666666666667,0.4,4.0,1.0,0.05,1.5,0.9,0.3333333333333333,0.33333333333333337,0.5333333333333333
"frozenset({'微服务', 'java', 'redis'})","frozenset({'spring', '分布式', 'kafka'})",0.16666666666666666,0.1,0.06666666666666667,0.4,4.0,1.0,0.05,1.5,0.9,0.3333333333333333,0.33333333333333337,0.5333333333333333
"frozenset({'spring', 'redis'})","frozenset({'分布式', 'java', '微服务', 'kafka'})",0.16666666666666666,0.1,0.06666666666666667,0.4,4.0,1.0,0.05,1.5,0.9,0.3333333333333333,0.33333333333333337,0.5333333333333333
"frozenset({'微服务', 'redis'})","frozenset({'spring', '分布式', 'java', 'kafka'})",0.16666666666666666,0.1,0.06666666666666667,0.4,4.0,1.0,0.05,1.5,0.9,0.3333333333333333,0.33333333333333337,0.5333333333333333
frozenset({'linux'}),frozenset({'mysql'}),0.13333333333333333,0.26666666666666666,0.13333333333333333,1.0,3.75,1.0,0.09777777777777777,inf,0.846153846153846,0.4999999999999999,1.0,0.75
"frozenset({'java', 'linux'})",frozenset({'mysql'}),0.13333333333333333,0.26666666666666666,0.13333333333333333,1.0,3.75,1.0,0.09777777777777777,inf,0.846153846153846,0.4999999999999999,1.0,0.75
frozenset({'linux'}),"frozenset({'mysql', 'java'})",0.13333333333333333,0.26666666666666666,0.13333333333333333,1.0,3.75,1.0,0.09777777777777777,inf,0.846153846153846,0.4999999999999999,1.0,0.75
"frozenset({'spring', 'linux'})",frozenset({'mysql'}),0.13333333333333333,0.26666666666666666,0.13333333333333333,1.0,3.75,1.0,0.09777777777777777,inf,0.846153846153846,0.4999999999999999,1.0,0.75
"frozenset({'spring', 'java', 'linux'})",frozenset({'mysql'}),0.13333333333333333,0.26666666666666666,0.13333333333333333,1.0,3.75,1.0,0.09777777777777777,inf,0.846153846153846,0.4999999999999999,1.0,0.75
"frozenset({'spring', 'linux'})","frozenset({'mysql', 'java'})",0.13333333333333333,0.26666666666666666,0.13333333333333333,1.0,3.75,1.0,0.09777777777777777,inf,0.846153846153846,0.4999999999999999,1.0,0.75
frozenset({'mybatis'}),frozenset({'mysql'}),0.1,0.26666666666666666,0.1,1.0,3.75,1.0,0.07333333333333333,inf,0.8148148148148148,0.37499999999999994,1.0,0.6875
"frozenset({'java', 'mybatis'})",frozenset({'mysql'}),0.1,0.26666666666666666,0.1,1.0,3.75,1.0,0.07333333333333333,inf,0.8148148148148148,0.37499999999999994,1.0,0.6875
frozenset({'mybatis'}),"frozenset({'mysql', 'java'})",0.1,0.26666666666666666,0.1,1.0,3.75,1.0,0.07333333333333333,inf,0.8148148148148148,0.37499999999999994,1.0,0.6875
"frozenset({'spring', 'java', 'mybatis'})",frozenset({'mysql'}),0.1,0.26666666666666666,0.1,1.0,3.75,1.0,0.07333333333333333,inf,0.8148148148148148,0.37499999999999994,1.0,0.6875
"frozenset({'spring', 'mybatis'})","frozenset({'mysql', 'java'})",0.1,0.26666666666666666,0.1,1.0,3.75,1.0,0.07333333333333333,inf,0.8148148148148148,0.37499999999999994,1.0,0.6875
"frozenset({'spring', 'mybatis'})",frozenset({'mysql'}),0.1,0.26666666666666666,0.1,1.0,3.75,1.0,0.07333333333333333,inf,0.8148148148148148,0.37499999999999994,1.0,0.6875
frozenset({'k8s'}),frozenset({'微服务'}),0.06666666666666667,0.26666666666666666,0.06666666666666667,1.0,3.75,1.0,0.048888888888888885,inf,0.7857142857142857,0.25,1.0,0.625
"frozenset({'docker', 'k8s'})",frozenset({'微服务'}),0.06666666666666667,0.26666666666666666,0.06666666666666667,1.0,3.75,1.0,0.048888888888888885,inf,0.7857142857142857,0.25,1.0,0.625
"frozenset({'java', 'k8s'})",frozenset({'微服务'}),0.06666666666666667,0.26666666666666666,0.06666666666666667,1.0,3.75,1.0,0.048888888888888885,inf,0.7857142857142857,0.25,1.0,0.625
frozenset({'k8s'}),"frozenset({'java', '微服务'})",0.06666666666666667,0.26666666666666666,0.06666666666666667,1.0,3.75,1.0,0.048888888888888885,inf,0.7857142857142857,0.25,1.0,0.625
"frozenset({'linux', 'mybatis'})",frozenset({'mysql'}),0.06666666666666667,0.26666666666666666,0.06666666666666667,1.0,3.75,1.0,0.048888888888888885,inf,0.7857142857142857,0.25,1.0,0.625
"frozenset({'spring', 'k8s'})",frozenset({'微服务'}),0.06666666666666667,0.26666666666666666,0.06666666666666667,1.0,3.75,1.0,0.048888888888888885,inf,0.7857142857142857,0.25,1.0,0.625
"frozenset({'docker', 'redis'})",frozenset({'微服务'}),0.06666666666666667,0.26666666666666666,0.06666666666666667,1.0,3.75,1.0,0.048888888888888885,inf,0.7857142857142857,0.25,1.0,0.625
"frozenset({'docker', 'linux'})",frozenset({'mysql'}),0.06666666666666667,0.26666666666666666,0.06666666666666667,1.0,3.75,1.0,0.048888888888888885,inf,0.7857142857142857,0.25,1.0,0.625
"frozenset({'docker', 'java', 'linux'})",frozenset({'mysql'}),0.06666666666666667,0.26666666666666666,0.06666666666666667,1.0,3.75,1.0,0.048888888888888885,inf,0.7857142857142857,0.25,1.0,0.625
"frozenset({'docker', 'linux'})","frozenset({'mysql', 'java'})",0.06666666666666667,0.26666666666666666,0.06666666666666667,1.0,3.75,1.0,0.048888888888888885,inf,0.7857142857142857,0.25,1.0,0.625
"frozenset({'docker', 'java', 'k8s'})",frozenset({'微服务'}),0.06666666666666667,0.26666666666666666,0.06666666666666667,1.0,3.75,1.0,0.048888888888888885,inf,0.7857142857142857,0.25,1.0,0.625
"frozenset({'docker', 'k8s'})","frozenset({'java', '微服务'})",0.06666666666666667,0.26666666666666666,0.06666666666666667,1.0,3.75,1.0,0.048888888888888885,inf,0.7857142857142857,0.25,1.0,0.625
"frozenset({'spring', 'java', 'k8s'})",frozenset({'微服务'}),0.06666666666666667,0.26666666666666666,0.06666666666666667,1.0,3.75,1.0,0.048888888888888885,inf,0.7857142857142857,0.25,1.0,0.625
"frozenset({'spring', 'k8s'})","frozenset({'java', '微服务'})",0.06666666666666667,0.26666666666666666,0.06666666666666667,1.0,3.75,1.0,0.048888888888888885,inf,0.7857142857142857,0.25,1.0,0.625
"frozenset({'docker', 'spring', 'redis'})",frozenset({'微服务'}),0.06666666666666667,0.26666666666666666,0.06666666666666667,1.0,3.75,1.0,0.048888888888888885,inf,0.7857142857142857,0.25,1.0,0.625
"frozenset({'docker', 'java', 'redis'})",frozenset({'微服务'}),0.06666666666666667,0.26666666666666666,0.06666666666666667,1.0,3.75,1.0,0.048888888888888885,inf,0.7857142857142857,0.25,1.0,0.625
"frozenset({'docker', 'redis'})","frozenset({'java', '微服务'})",0.06666666666666667,0.26666666666666666,0.06666666666666667,1.0,3.75,1.0,0.048888888888888885,inf,0.7857142857142857,0.25,1.0,0.625
"frozenset({'docker', 'spring', 'k8s'})",frozenset({'微服务'}),0.06666666666666667,0.26666666666666666,0.06666666666666667,1.0,3.75,1.0,0.048888888888888885,inf,0.7857142857142857,0.25,1.0,0.625
"frozenset({'docker', 'spring', 'linux'})",frozenset({'mysql'}),0.06666666666666667,0.26666666666666666,0.06666666666666667,1.0,3.75,1.0,0.048888888888888885,inf,0.7857142857142857,0.25,1.0,0.625
"frozenset({'java', 'linux', 'mybatis'})",frozenset({'mysql'}),0.06666666666666667,0.26666666666666666,0.06666666666666667,1.0,3.75,1.0,0.048888888888888885,inf,0.7857142857142857,0.25,1.0,0.625
"frozenset({'linux', 'mybatis'})","frozenset({'mysql', 'java'})",0.06666666666666667,0.26666666666666666,0.06666666666666667,1.0,3.75,1.0,0.048888888888888885,inf,0.7857142857142857,0.25,1.0,0.625
"frozenset({'spring', 'linux', 'mybatis'})",frozenset({'mysql'}),0.06666666666666667,0.26666666666666666,0.06666666666666667,1.0,3.75,1.0,0.048888888888888885,inf,0.7857142857142857,0.25,1.0,0.625
"frozenset({'docker', 'spring', 'java', 'k8s'})",frozenset({'微服务'}),0.06666666666666667,0.26666666666666666,0.06666666666666667,1.0,3.75,1.0,0.048888888888888885,inf,0.7857142857142857,0.25,1.0,0.625
"frozenset({'docker', 'spring', 'k8s'})","frozenset({'java', '微服务'})",0.06666666666666667,0.26666666666666666,0.06666666666666667,1.0,3.75,1.0,0.048888888888888885,inf,0.7857142857142857,0.25,1.0,0.625
"frozenset({'docker', 'spring', 'java', 'linux'})",frozenset({'mysql'}),0.06666666666666667,0.26666666666666666,0.06666666666666667,1.0,3.75,1.0,0.048888888888888885,inf,0.7857142857142857,0.25,1.0,0.625
"frozenset({'docker', 'spring', 'linux'})","frozenset({'mysql', 'java'})",0.06666666666666667,0.26666666666666666,0.06666666666666667,1.0,3.75,1.0,0.048888888888888885,inf,0.7857142857142857,0.25,1.0,0.625
"frozenset({'docker', 'spring', 'java', 'redis'})",frozenset({'微服务'}),0.06666666666666667,0.26666666666666666,0.06666666666666667,1.0,3.75,1.0,0.048888888888888885,inf,0.7857142857142857,0.25,1.0,0.625
"frozenset({'docker', 'spring', 'redis'})","frozenset({'java', '微服务'})",0.06666666666666667,0.26666666666666666,0.06666666666666667,1.0,3.75,1.0,0.048888888888888885,inf,0.7857142857142857,0.25,1.0,0.625
"frozenset({'spring', 'java', 'linux', 'mybatis'})",frozenset({'mysql'}),0.06666666666666667,0.26666666666666666,0.06666666666666667,1.0,3.75,1.0,0.048888888888888885,inf,0.7857142857142857,0.25,1.0,0.625
"frozenset({'spring', 'linux', 'mybatis'})","frozenset({'mysql', 'java'})",0.06666666666666667,0.26666666666666666,0.06666666666666667,1.0,3.75,1.0,0.048888888888888885,inf,0.7857142857142857,0.25,1.0,0.625
frozenset({'mysql'}),frozenset({'linux'}),0.26666666666666666,0.13333333333333333,0.13333333333333333,0.5,3.75,1.0,0.09777777777777777,1.7333333333333334,0.9999999999999999,0.4999999999999999,0.4230769230769231,0.75
"frozenset({'mysql', 'java'})",frozenset({'linux'}),0.26666666666666666,0.13333333333333333,0.13333333333333333,0.5,3.75,1.0,0.09777777777777777,1.7333333333333334,0.9999999999999999,0.4999999999999999,0.4230769230769231,0.75
frozenset({'mysql'}),"frozenset({'java', 'linux'})",0.26666666666666666,0.13333333333333333,0.13333333333333333,0.5,3.75,1.0,0.09777777777777777,1.7333333333333334,0.9999999999999999,0.4999999999999999,0.4230769230769231,0.75
frozenset({'mysql'}),"frozenset({'spring', 'linux'})",0.26666666666666666,0.13333333333333333,0.13333333333333333,0.5,3.75,1.0,0.09777777777777777,1.7333333333333334,0.9999999999999999,0.4999999999999999,0.4230769230769231,0.75
"frozenset({'mysql', 'java'})","frozenset({'spring', 'linux'})",0.26666666666666666,0.13333333333333333,0.13333333333333333,0.5,3.75,1.0,0.09777777777777777,1.7333333333333334,0.9999999999999999,0.4999999999999999,0.4230769230769231,0.75
frozenset({'mysql'}),"frozenset({'spring', 'java', 'linux'})",0.26666666666666666,0.13333333333333333,0.13333333333333333,0.5,3.75,1.0,0.09777777777777777,1.7333333333333334,0.9999999999999999,0.4999999999999999,0.4230769230769231,0.75
"frozenset({'docker', 'mysql'})",frozenset({'linux'}),0.13333333333333333,0.13333333333333333,0.06666666666666667,0.5,3.75,1.0,0.048888888888888885,1.7333333333333334,0.846153846153846,0.3333333333333333,0.4230769230769231,0.5
frozenset({'linux'}),"frozenset({'docker', 'mysql'})",0.13333333333333333,0.13333333333333333,0.06666666666666667,0.5,3.75,1.0,0.048888888888888885,1.7333333333333334,0.846153846153846,0.3333333333333333,0.4230769230769231,0.5
"frozenset({'docker', 'mysql', 'java'})",frozenset({'linux'}),0.13333333333333333,0.13333333333333333,0.06666666666666667,0.5,3.75,1.0,0.048888888888888885,1.7333333333333334,0.846153846153846,0.3333333333333333,0.4230769230769231,0.5
"frozenset({'docker', 'mysql'})","frozenset({'java', 'linux'})",0.13333333333333333,0.13333333333333333,0.06666666666666667,0.5,3.75,1.0,0.048888888888888885,1.7333333333333334,0.846153846153846,0.3333333333333333,0.4230769230769231,0.5
"frozenset({'java', 'linux'})","frozenset({'docker', 'mysql'})",0.13333333333333333,0.13333333333333333,0.06666666666666667,0.5,3.75,1.0,0.048888888888888885,1.7333333333333334,0.846153846153846,0.3333333333333333,0.4230769230769231,0.5
frozenset({'linux'}),"frozenset({'docker', 'mysql', 'java'})",0.13333333333333333,0.13333333333333333,0.06666666666666667,0.5,3.75,1.0,0.048888888888888885,1.7333333333333334,0.846153846153846,0.3333333333333333,0.4230769230769231,0.5
"frozenset({'docker', 'spring', 'mysql'})",frozenset({'linux'}),0.13333333333333333,0.13333333333333333,0.06666666666666667,0.5,3.75,1.0,0.048888888888888885,1.7333333333333334,0.846153846153846,0.3333333333333333,0.4230769230769231,0.5
"frozenset({'docker', 'mysql'})","frozenset({'spring', 'linux'})",0.13333333333333333,0.13333333333333333,0.06666666666666667,0.5,3.75,1.0,0.048888888888888885,1.7333333333333334,0.846153846153846,0.3333333333333333,0.4230769230769231,0.5
"frozenset({'spring', 'linux'})","frozenset({'docker', 'mysql'})",0.13333333333333333,0.13333333333333333,0.06666666666666667,0.5,3.75,1.0,0.048888888888888885,1.7333333333333334,0.846153846153846,0.3333333333333333,0.4230769230769231,0.5
frozenset({'linux'}),"frozenset({'docker', 'spring', 'mysql'})",0.13333333333333333,0.13333333333333333,0.06666666666666667,0.5,3.75,1.0,0.048888888888888885,1.7333333333333334,0.846153846153846,0.3333333333333333,0.4230769230769231,0.5
"frozenset({'docker', 'spring', 'java', 'mysql'})",frozenset({'linux'}),0.13333333333333333,0.13333333333333333,0.06666666666666667,0.5,3.75,1.0,0.048888888888888885,1.7333333333333334,0.846153846153846,0.3333333333333333,0.4230769230769231,0.5
"frozenset({'docker', 'mysql', 'java'})","frozenset({'spring', 'linux'})",0.13333333333333333,0.13333333333333333,0.06666666666666667,0.5,3.75,1.0,0.048888888888888885,1.7333333333333334,0.846153846153846,0.3333333333333333,0.4230769230769231,0.5
"frozenset({'spring', 'java', 'linux'})","frozenset({'docker', 'mysql'})",0.13333333333333333,0.13333333333333333,0.06666666666666667,0.5,3.75,1.0,0.048888888888888885,1.7333333333333334,0.846153846153846,0.3333333333333333,0.4230769230769231,0.5
"frozenset({'docker', 'spring', 'mysql'})","frozenset({'java', 'linux'})",0.13333333333333333,0.13333333333333333,0.06666666666666667,0.5,3.75,1.0,0.048888888888888885,1.7333333333333334,0.846153846153846,0.3333333333333333,0.4230769230769231,0.5
"frozenset({'java', 'linux'})","frozenset({'docker', 'spring', 'mysql'})",0.13333333333333333,0.13333333333333333,0.06666666666666667,0.5,3.75,1.0,0.048888888888888885,1.7333333333333334,0.846153846153846,0.3333333333333333,0.4230769230769231,0.5
"frozenset({'docker', 'mysql'})","frozenset({'spring', 'java', 'linux'})",0.13333333333333333,0.13333333333333333,0.06666666666666667,0.5,3.75,1.0,0.048888888888888885,1.7333333333333334,0.846153846153846,0.3333333333333333,0.4230769230769231,0.5
"frozenset({'spring', 'linux'})","frozenset({'docker', 'mysql', 'java'})",0.13333333333333333,0.13333333333333333,0.06666666666666667,0.5,3.75,1.0,0.048888888888888885,1.7333333333333334,0.846153846153846,0.3333333333333333,0.4230769230769231,0.5
frozenset({'linux'}),"frozenset({'docker', 'spring', 'java', 'mysql'})",0.13333333333333333,0.13333333333333333,0.06666666666666667,0.5,3.75,1.0,0.048888888888888885,1.7333333333333334,0.846153846153846,0.3333333333333333,0.4230769230769231,0.5
frozenset({'mysql'}),frozenset({'mybatis'}),0.26666666666666666,0.1,0.1,0.375,3.75,1.0,0.07333333333333333,1.44,0.9999999999999998,0.37499999999999994,0.3055555555555556,0.6875
"frozenset({'mysql', 'java'})",frozenset({'mybatis'}),0.26666666666666666,0.1,0.1,0.375,3.75,1.0,0.07333333333333333,1.44,0.9999999999999998,0.37499999999999994,0.3055555555555556,0.6875
frozenset({'mysql'}),"frozenset({'java', 'mybatis'})",0.26666666666666666,0.1,0.1,0.375,3.75,1.0,0.07333333333333333,1.44,0.9999999999999998,0.37499999999999994,0.3055555555555556,0.6875
"frozenset({'mysql', 'java'})","frozenset({'spring', 'mybatis'})",0.26666666666666666,0.1,0.1,0.375,3.75,1.0,0.07333333333333333,1.44,0.9999999999999998,0.37499999999999994,0.3055555555555556,0.6875
frozenset({'mysql'}),"frozenset({'spring', 'java', 'mybatis'})",0.26666666666666666,0.1,0.1,0.375,3.75,1.0,0.07333333333333333,1.44,0.9999999999999998,0.37499999999999994,0.3055555555555556,0.6875
frozenset({'mysql'}),"frozenset({'spring', 'mybatis'})",0.26666666666666666,0.1,0.1,0.375,3.75,1.0,0.07333333333333333,1.44,0.9999999999999998,0.37499999999999994,0.3055555555555556,0.6875
"frozenset({'redis', '微服务'})",frozenset({'分布式'}),0.16666666666666666,0.16666666666666666,0.1,0.6000000000000001,3.6000000000000005,1.0,0.07222222222222223,2.083333333333334,0.8666666666666667,0.42857142857142866,0.5200000000000001,0.6000000000000001
frozenset({'分布式'}),"frozenset({'redis', '微服务'})",0.16666666666666666,0.16666666666666666,0.1,0.6000000000000001,3.6000000000000005,1.0,0.07222222222222223,2.083333333333334,0.8666666666666667,0.42857142857142866,0.5200000000000001,0.6000000000000001
"frozenset({'spring', 'redis'})",frozenset({'分布式'}),0.16666666666666666,0.16666666666666666,0.1,0.6000000000000001,3.6000000000000005,1.0,0.07222222222222223,2.083333333333334,0.8666666666666667,0.42857142857142866,0.5200000000000001,0.6000000000000001
frozenset({'分布式'}),"frozenset({'spring', 'redis'})",0.16666666666666666,0.16666666666666666,0.1,0.6000000000000001,3.6000000000000005,1.0,0.07222222222222223,2.083333333333334,0.8666666666666667,0.42857142857142866,0.5200000000000001,0.6000000000000001
"frozenset({'spring', 'redis'})","frozenset({'java', 'kafka'})",0.16666666666666666,0.16666666666666666,0.1,0.6000000000000001,3.6000000000000005,1.0,0.07222222222222223,2.083333333333334,0.8666666666666667,0.42857142857142866,0.5200000000000001,0.6000000000000001
"frozenset({'java', 'kafka'})","frozenset({'spring', 'redis'})",0.16666666666666666,0.16666666666666666,0.1,0.6000000000000001,3.6000000000000005,1.0,0.07222222222222223,2.083333333333334,0.8666666666666667,0.42857142857142866,0.5200000000000001,0.6000000000000001
"frozenset({'redis', '微服务'})","frozenset({'java', 'kafka'})",0.16666666666666666,0.16666666666666666,0.1,0.6000000000000001,3.6000000000000005,1.0,0.07222222222222223,2.083333333333334,0.8666666666666667,0.42857142857142866,0.5200000000000001,0.6000000000000001
"frozenset({'java', 'kafka'})","frozenset({'redis', '微服务'})",0.16666666666666666,0.16666666666666666,0.1,0.6000000000000001,3.6000000000000005,1.0,0.07222222222222223,2.083333333333334,0.8666666666666667,0.42857142857142866,0.5200000000000001,0.6000000000000001
"frozenset({'redis', '微服务'})","frozenset({'分布式', 'kafka'})",0.16666666666666666,0.16666666666666666,0.1,0.6000000000000001,3.6000000000000005,1.0,0.07222222222222223,2.083333333333334,0.8666666666666667,0.42857142857142866,0.5200000000000001,0.6000000000000001
"frozenset({'分布式', 'kafka'})","frozenset({'redis', '微服务'})",0.16666666666666666,0.16666666666666666,0.1,0.6000000000000001,3.6000000000000005,1.0,0.07222222222222223,2.083333333333334,0.8666666666666667,0.42857142857142866,0.5200000000000001,0.6000000000000001
"frozenset({'分布式', 'java', 'kafka'})","frozenset({'spring', 'redis'})",0.16666666666666666,0.16666666666666666,0.1,0.6000000000000001,3.6000000000000005,1.0,0.07222222222222223,2.083333333333334,0.8666666666666667,0.42857142857142866,0.5200000000000001,0.6000000000000001
"frozenset({'spring', 'java', 'redis'})","frozenset({'分布式', 'kafka'})",0.16666666666666666,0.16666666666666666,0.1,0.6000000000000001,3.6000000000000005,1.0,0.07222222222222223,2.083333333333334,0.8666666666666667,0.42857142857142866,0.5200000000000001,0.6000000000000001
"frozenset({'分布式', 'kafka'})","frozenset({'spring', 'java', 'redis'})",0.16666666666666666,0.16666666666666666,0.1,0.6000000000000001,3.6000000000000005,1.0,0.07222222222222223,2.083333333333334,0.8666666666666667,0.42857142857142866,0.5200000000000001,0.6000000000000001
"frozenset({'spring', 'redis'})","frozenset({'分布式', 'java', 'kafka'})",0.16666666666666666,0.16666666666666666,0.1,0.6000000000000001,3.6000000000000005,1.0,0.07222222222222223,2.083333333333334,0.8666666666666667,0.42857142857142866,0.5200000000000001,0.6000000000000001
"frozenset({'分布式', 'java', 'kafka'})","frozenset({'redis', '微服务'})",0.16666666666666666,0.16666666666666666,0.1,0.6000000000000001,3.6000000000000005,1.0,0.07222222222222223,2.083333333333334,0.8666666666666667,0.42857142857142866,0.5200000000000001,0.6000000000000001
"frozenset({'redis', 'java', '微服务'})","frozenset({'分布式', 'kafka'})",0.16666666666666666,0.16666666666666666,0.1,0.6000000000000001,3.6000000000000005,1.0,0.07222222222222223,2.083333333333334,0.8666666666666667,0.42857142857142866,0.5200000000000001,0.6000000000000001
"frozenset({'分布式', 'kafka'})","frozenset({'redis', 'java', '微服务'})",0.16666666666666666,0.16666666666666666,0.1,0.6000000000000001,3.6000000000000005,1.0,0.07222222222222223,2.083333333333334,0.8666666666666667,0.42857142857142866,0.5200000000000001,0.6000000000000001
"frozenset({'redis', '微服务'})","frozenset({'分布式', 'java', 'kafka'})",0.16666666666666666,0.16666666666666666,0.1,0.6000000000000001,3.6000000000000005,1.0,0.07222222222222223,2.083333333333334,0.8666666666666667,0.42857142857142866,0.5200000000000001,0.6000000000000001
"frozenset({'spring', 'java', 'redis'})",frozenset({'分布式'}),0.16666666666666666,0.16666666666666666,0.1,0.6000000000000001,3.6000000000000005,1.0,0.07222222222222223,2.083333333333334,0.8666666666666667,0.42857142857142866,0.5200000000000001,0.6000000000000001
"frozenset({'spring', 'redis'})","frozenset({'分布式', 'java'})",0.16666666666666666,0.16666666666666666,0.1,0.6000000000000001,3.6000000000000005,1.0,0.07222222222222223,2.083333333333334,0.8666666666666667,0.42857142857142866,0.5200000000000001,0.6000000000000001
"frozenset({'分布式', 'java'})","frozenset({'spring', 'redis'})",0.16666666666666666,0.16666666666666666,0.1,0.6000000000000001,3.6000000000000005,1.0,0.07222222222222223,2.083333333333334,0.8666666666666667,0.42857142857142866,0.5200000000000001,0.6000000000000001
frozenset({'分布式'}),"frozenset({'spring', 'java', 'redis'})",0.16666666666666666,0.16666666666666666,0.1,0.6000000000000001,3.6000000000000005,1.0,0.07222222222222223,2.083333333333334,0.8666666666666667,0.42857142857142866,0.5200000000000001,0.6000000000000001
"frozenset({'spring', 'redis'})","frozenset({'分布式', 'kafka'})",0.16666666666666666,0.16666666666666666,0.1,0.6000000000000001,3.6000000000000005,1.0,0.07222222222222223,2.083333333333334,0.8666666666666667,0.42857142857142866,0.5200000000000001,0.6000000000000001
"frozenset({'分布式', 'kafka'})","frozenset({'spring', 'redis'})",0.16666666666666666,0.16666666666666666,0.1,0.6000000000000001,3.6000000000000005,1.0,0.07222222222222223,2.083333333333334,0.8666666666666667,0.42857142857142866,0.5200000000000001,0.6000000000000001
"frozenset({'redis', 'java', '微服务'})",frozenset({'分布式'}),0.16666666666666666,0.16666666666666666,0.1,0.6000000000000001,3.6000000000000005,1.0,0.07222222222222223,2.083333333333334,0.8666666666666667,0.42857142857142866,0.5200000000000001,0.6000000000000001
"frozenset({'redis', '微服务'})","frozenset({'分布式', 'java'})",0.16666666666666666,0.16666666666666666,0.1,0.6000000000000001,3.6000000000000005,1.0,0.07222222222222223,2.083333333333334,0.8666666666666667,0.42857142857142866,0.5200000000000001,0.6000000000000001
"frozenset({'分布式', 'java'})","frozenset({'redis', '微服务'})",0.16666666666666666,0.16666666666666666,0.1,0.6000000000000001,3.6000000000000005,1.0,0.07222222222222223,2.083333333333334,0.8666666666666667,0.42857142857142866,0.5200000000000001,0.6000000000000001
frozenset({'分布式'}),"frozenset({'redis', 'java', '微服务'})",0.16666666666666666,0.16666666666666666,0.1,0.6000000000000001,3.6000000000000005,1.0,0.07222222222222223,2.083333333333334,0.8666666666666667,0.42857142857142866,0.5200000000000001,0.6000000000000001
frozenset({'kafka'}),frozenset({'redis'}),0.2,0.23333333333333334,0.16666666666666666,0.8333333333333333,3.571428571428571,1.0,0.12,4.599999999999998,0.9,0.6249999999999999,0.7826086956521738,0.7738095238095237
frozenset({'kafka'}),"frozenset({'java', 'redis'})",0.2,0.23333333333333334,0.16666666666666666,0.8333333333333333,3.571428571428571,1.0,0.12,4.599999999999998,0.9,0.6249999999999999,0.7826086956521738,0.7738095238095237
frozenset({'redis'}),frozenset({'kafka'}),0.23333333333333334,0.2,0.16666666666666666,0.7142857142857142,3.5714285714285707,1.0,0.12,2.7999999999999994,0.9391304347826087,0.6249999999999999,0.6428571428571428,0.7738095238095237
"frozenset({'java', 'redis'})",frozenset({'kafka'}),0.23333333333333334,0.2,0.16666666666666666,0.7142857142857142,3.5714285714285707,1.0,0.12,2.7999999999999994,0.9391304347826087,0.6249999999999999,0.6428571428571428,0.7738095238095237
frozenset({'深度学习'}),frozenset({'机器学习'}),0.1,0.2,0.06666666666666667,0.6666666666666666,3.333333333333333,1.0,0.04666666666666666,2.4,0.7777777777777777,0.28571428571428564,0.5833333333333333,0.5
"frozenset({'mysql', '微服务'})",frozenset({'docker'}),0.1,0.2,0.06666666666666667,0.6666666666666666,3.333333333333333,1.0,0.04666666666666666,2.4,0.7777777777777777,0.28571428571428564,0.5833333333333333,0.5
"frozenset({'python', '深度学习'})",frozenset({'机器学习'}),0.1,0.2,0.06666666666666667,0.6666666666666666,3.333333333333333,1.0,0.04666666666666666,2.4,0.7777777777777777,0.28571428571428564,0.5833333333333333,0.5
frozenset({'深度学习'}),"frozenset({'python', '机器学习'})",0.1,0.2,0.06666666666666667,0.6666666666666666,3.333333333333333,1.0,0.04666666666666666,2.4,0.7777777777777777,0.28571428571428564,0.5833333333333333,0.5
"frozenset({'mysql', 'java', '微服务'})",frozenset({'docker'}),0.1,0.2,0.06666666666666667,0.6666666666666666,3.333333333333333,1.0,0.04666666666666666,2.4,0.7777777777777777,0.28571428571428564,0.5833333333333333,0.5
"frozenset({'mysql', '微服务'})","frozenset({'docker', 'java'})",0.1,0.2,0.06666666666666667,0.6666666666666666,3.333333333333333,1.0,0.04666666666666666,2.4,0.7777777777777777,0.28571428571428564,0.5833333333333333,0.5
"frozenset({'spring', '微服务', 'mysql'})",frozenset({'docker'}),0.1,0.2,0.06666666666666667,0.6666666666666666,3.333333333333333,1.0,0.04666666666666666,2.4,0.7777777777777777,0.28571428571428564,0.5833333333333333,0.5
"frozenset({'mysql', '微服务'})","frozenset({'docker', 'spring'})",0.1,0.2,0.06666666666666667,0.6666666666666666,3.333333333333333,1.0,0.04666666666666666,2.4,0.7777777777777777,0.28571428571428564,0.5833333333333333,0.5
"frozenset({'spring', 'java', '微服务', 'mysql'})",frozenset({'docker'}),0.1,0.2,0.06666666666666667,0.6666666666666666,3.333333333333333,1.0,0.04666666666666666,2.4,0.7777777777777777,0.28571428571428564,0.5833333333333333,0.5
"frozenset({'mysql', 'java', '微服务'})","frozenset({'docker', 'spring'})",0.1,0.2,0.06666666666666667,0.6666666666666666,3.333333333333333,1.0,0.04666666666666666,2.4,0.7777777777777777,0.28571428571428564,0.5833333333333333,0.5
"frozenset({'spring', '微服务', 'mysql'})","frozenset({'docker', 'java'})",0.1,0.2,0.06666666666666667,0.6666666666666666,3.333333333333333,1.0,0.04666666666666666,2.4,0.7777777777777777,0.28571428571428564,0.5833333333333333,0.5
"frozenset({'mysql', '微服务'})","frozenset({'docker', 'spring', 'java'})",0.1,0.2,0.06666666666666667,0.6666666666666666,3.333333333333333,1.0,0.04666666666666666,2.4,0.7777777777777777,0.28571428571428564,0.5833333333333333,0.5
frozenset({'机器学习'}),frozenset({'深度学习'}),0.2,0.1,0.06666666666666667,0.3333333333333333,3.333333333333333,1.0,0.04666666666666666,1.3499999999999999,0.8749999999999999,0.28571428571428564,0.25925925925925924,0.5
frozenset({'docker'}),"frozenset({'mysql', '微服务'})",0.2,0.1,0.06666666666666667,0.3333333333333333,3.333333333333333,1.0,0.04666666666666666,1.3499999999999999,0.8749999999999999,0.28571428571428564,0.25925925925925924,0.5
"frozenset({'python', '机器学习'})",frozenset({'深度学习'}),0.2,0.1,0.06666666666666667,0.3333333333333333,3.333333333333333,1.0,0.04666666666666666,1.3499999999999999,0.8749999999999999,0.28571428571428564,0.25925925925925924,0.5
frozenset({'机器学习'}),"frozenset({'python', '深度学习'})",0.2,0.1,0.06666666666666667,0.3333333333333333,3.333333333333333,1.0,0.04666666666666666,1.3499999999999999,0.8749999999999999,0.28571428571428564,0.25925925925925924,0.5
"frozenset({'docker', 'java'})","frozenset({'mysql', '微服务'})",0.2,0.1,0.06666666666666667,0.3333333333333333,3.333333333333333,1.0,0.04666666666666666,1.3499999999999999,0.8749999999999999,0.28571428571428564,0.25925925925925924,0.5
frozenset({'docker'}),"frozenset({'mysql', 'java', '微服务'})",0.2,0.1,0.06666666666666667,0.3333333333333333,3.333333333333333,1.0,0.04666666666666666,1.3499999999999999,0.8749999999999999,0.28571428571428564,0.25925925925925924,0.5
"frozenset({'docker', 'spring'})","frozenset({'mysql', '微服务'})",0.2,0.1,0.06666666666666667,0.3333333333333333,3.333333333333333,1.0,0.04666666666666666,1.3499999999999999,0.8749999999999999,0.28571428571428564,0.25925925925925924,0.5
frozenset({'docker'}),"frozenset({'spring', '微服务', 'mysql'})",0.2,0.1,0.06666666666666667,0.3333333333333333,3.333333333333333,1.0,0.04666666666666666,1.3499999999999999,0.8749999999999999,0.28571428571428564,0.25925925925925924,0.5
"frozenset({'docker', 'spring', 'java'})","frozenset({'mysql', '微服务'})",0.2,0.1,0.06666666666666667,0.3333333333333333,3.333333333333333,1.0,0.04666666666666666,1.3499999999999999,0.8749999999999999,0.28571428571428564,0.25925925925925924,0.5
"frozenset({'docker', 'java'})","frozenset({'spring', '微服务', 'mysql'})",0.2,0.1,0.06666666666666667,0.3333333333333333,3.333333333333333,1.0,0.04666666666666666,1.3499999999999999,0.8749999999999999,0.28571428571428564,0.25925925925925924,0.5
"frozenset({'docker', 'spring'})","frozenset({'mysql', 'java', '微服务'})",0.2,0.1,0.06666666666666667,0.3333333333333333,3.333333333333333,1.0,0.04666666666666666,1.3499999999999999,0.8749999999999999,0.28571428571428564,0.25925925925925924,0.5
frozenset({'docker'}),"frozenset({'spring', 'java', '微服务', 'mysql'})",0.2,0.1,0.06666666666666667,0.3333333333333333,3.333333333333333,1.0,0.04666666666666666,1.3499999999999999,0.8749999999999999,0.28571428571428564,0.25925925925925924,0.5
"frozenset({'redis', '微服务'})",frozenset({'kafka'}),0.16666666666666666,0.2,0.1,0.6000000000000001,3.0000000000000004,1.0,0.06666666666666668,2.0000000000000004,0.8,0.37499999999999994,0.5000000000000001,0.55
"frozenset({'spring', 'redis'})",frozenset({'kafka'}),0.16666666666666666,0.2,0.1,0.6000000000000001,3.0000000000000004,1.0,0.06666666666666668,2.0000000000000004,0.8,0.37499999999999994,0.5000000000000001,0.55
"frozenset({'spring', 'java', 'redis'})",frozenset({'kafka'}),0.16666666666666666,0.2,0.1,0.6000000000000001,3.0000000000000004,1.0,0.06666666666666668,2.0000000000000004,0.8,0.37499999999999994,0.5000000000000001,0.55
"frozenset({'redis', 'java', '微服务'})",frozenset({'kafka'}),0.16666666666666666,0.2,0.1,0.6000000000000001,3.0000000000000004,1.0,0.06666666666666668,2.0000000000000004,0.8,0.37499999999999994,0.5000000000000001,0.55
"frozenset({'spring', 'redis'})",frozenset({'微服务'}),0.16666666666666666,0.26666666666666666,0.13333333333333333,0.8,3.0,1.0,0.08888888888888889,3.666666666666668,0.7999999999999999,0.44444444444444436,0.7272727272727274,0.65
"frozenset({'spring', 'java', 'redis'})",frozenset({'微服务'}),0.16666666666666666,0.26666666666666666,0.13333333333333333,0.8,3.0,1.0,0.08888888888888889,3.666666666666668,0.7999999999999999,0.44444444444444436,0.7272727272727274,0.65
"frozenset({'spring', 'redis'})","frozenset({'java', '微服务'})",0.16666666666666666,0.26666666666666666,0.13333333333333333,0.8,3.0,1.0,0.08888888888888889,3.666666666666668,0.7999999999999999,0.44444444444444436,0.7272727272727274,0.65
frozenset({'微服务'}),"frozenset({'spring', 'redis'})",0.26666666666666666,0.16666666666666666,0.13333333333333333,0.5,3.0,1.0,0.08888888888888889,1.6666666666666667,0.9090909090909091,0.44444444444444436,0.4,0.65
"frozenset({'java', '微服务'})","frozenset({'spring', 'redis'})",0.26666666666666666,0.16666666666666666,0.13333333333333333,0.5,3.0,1.0,0.08888888888888889,1.6666666666666667,0.9090909090909091,0.44444444444444436,0.4,0.65
frozenset({'微服务'}),"frozenset({'spring', 'java', 'redis'})",0.26666666666666666,0.16666666666666666,0.13333333333333333,0.5,3.0,1.0,0.08888888888888889,1.6666666666666667,0.9090909090909091,0.44444444444444436,0.4,0.65
frozenset({'kafka'}),"frozenset({'redis', '微服务'})",0.2,0.16666666666666666,0.1,0.5,3.0,1.0,0.06666666666666668,1.6666666666666667,0.8333333333333334,0.37499999999999994,0.4,0.55
frozenset({'kafka'}),"frozenset({'spring', 'redis'})",0.2,0.16666666666666666,0.1,0.5,3.0,1.0,0.06666666666666668,1.6666666666666667,0.8333333333333334,0.37499999999999994,0.4,0.55
frozenset({'kafka'}),"frozenset({'spring', 'java', 'redis'})",0.2,0.16666666666666666,0.1,0.5,3.0,1.0,0.06666666666666668,1.6666666666666667,0.8333333333333334,0.37499999999999994,0.4,0.55
frozenset({'kafka'}),"frozenset({'redis', 'java', '微服务'})",0.2,0.16666666666666666,0.1,0.5,3.0,1.0,0.06666666666666668,1.6666666666666667,0.8333333333333334,0.37499999999999994,0.4,0.55
frozenset({'numpy'}),frozenset({'数据分析'}),0.13333333333333333,0.16666666666666666,0.06666666666666667,0.5,3.0,1.0,0.044444444444444446,1.6666666666666667,0.7692307692307692,0.2857142857142857,0.4,0.45
"frozenset({'python', 'numpy'})",frozenset({'数据分析'}),0.13333333333333333,0.16666666666666666,0.06666666666666667,0.5,3.0,1.0,0.044444444444444446,1.6666666666666667,0.7692307692307692,0.2857142857142857,0.4,0.45
frozenset({'numpy'}),"frozenset({'python', '数据分析'})",0.13333333333333333,0.16666666666666666,0.06666666666666667,0.5,3.0,1.0,0.044444444444444446,1.6666666666666667,0.7692307692307692,0.2857142857142857,0.4,0.45
"frozenset({'docker', '微服务'})","frozenset({'spring', 'redis'})",0.13333333333333333,0.16666666666666666,0.06666666666666667,0.5,3.0,1.0,0.044444444444444446,1.6666666666666667,0.7692307692307692,0.2857142857142857,0.4,0.45
"frozenset({'spring', 'redis', '微服务'})",frozenset({'分布式'}),0.13333333333333333,0.16666666666666666,0.06666666666666667,0.5,3.0,1.0,0.044444444444444446,1.6666666666666667,0.7692307692307692,0.2857142857142857,0.4,0.45
"frozenset({'docker', 'java', '微服务'})","frozenset({'spring', 'redis'})",0.13333333333333333,0.16666666666666666,0.06666666666666667,0.5,3.0,1.0,0.044444444444444446,1.6666666666666667,0.7692307692307692,0.2857142857142857,0.4,0.45
"frozenset({'docker', '微服务'})","frozenset({'spring', 'java', 'redis'})",0.13333333333333333,0.16666666666666666,0.06666666666666667,0.5,3.0,1.0,0.044444444444444446,1.6666666666666667,0.7692307692307692,0.2857142857142857,0.4,0.45
"frozenset({'spring', 'redis', '微服务'})","frozenset({'java', 'kafka'})",0.13333333333333333,0.16666666666666666,0.06666666666666667,0.5,3.0,1.0,0.044444444444444446,1.6666666666666667,0.7692307692307692,0.2857142857142857,0.4,0.45
"frozenset({'spring', 'redis', 'java', '微服务'})",frozenset({'分布式'}),0.13333333333333333,0.16666666666666666,0.06666666666666667,0.5,3.0,1.0,0.044444444444444446,1.6666666666666667,0.7692307692307692,0.2857142857142857,0.4,0.45
"frozenset({'spring', 'redis', '微服务'})","frozenset({'分布式', 'java'})",0.13333333333333333,0.16666666666666666,0.06666666666666667,0.5,3.0,1.0,0.044444444444444446,1.6666666666666667,0.7692307692307692,0.2857142857142857,0.4,0.45
"frozenset({'spring', 'redis', '微服务'})","frozenset({'分布式', 'kafka'})",0.13333333333333333,0.16666666666666666,0.06666666666666667,0.5,3.0,1.0,0.044444444444444446,1.6666666666666667,0.7692307692307692,0.2857142857142857,0.4,0.45
"frozenset({'spring', '微服务', 'java', 'redis'})","frozenset({'分布式', 'kafka'})",0.13333333333333333,0.16666666666666666,0.06666666666666667,0.5,3.0,1.0,0.044444444444444446,1.6666666666666667,0.7692307692307692,0.2857142857142857,0.4,0.45
"frozenset({'spring', '微服务', 'redis'})","frozenset({'分布式', 'java', 'kafka'})",0.13333333333333333,0.16666666666666666,0.06666666666666667,0.5,3.0,1.0,0.044444444444444446,1.6666666666666667,0.7692307692307692,0.2857142857142857,0.4,0.45
frozenset({'数据分析'}),frozenset({'numpy'}),0.16666666666666666,0.13333333333333333,0.06666666666666667,0.4,3.0,1.0,0.044444444444444446,1.4444444444444446,0.7999999999999999,0.2857142857142857,0.30769230769230776,0.45
"frozenset({'python', '数据分析'})",frozenset({'numpy'}),0.16666666666666666,0.13333333333333333,0.06666666666666667,0.4,3.0,1.0,0.044444444444444446,1.4444444444444446,0.7999999999999999,0.2857142857142857,0.30769230769230776,0.45
frozenset({'数据分析'}),"frozenset({'python', 'numpy'})",0.16666666666666666,0.13333333333333333,0.06666666666666667,0.4,3.0,1.0,0.044444444444444446,1.4444444444444446,0.7999999999999999,0.2857142857142857,0.30769230769230776,0.45
"frozenset({'spring', 'redis'})","frozenset({'docker', '微服务'})",0.16666666666666666,0.13333333333333333,0.06666666666666667,0.4,3.0,1.0,0.044444444444444446,1.4444444444444446,0.7999999999999999,0.2857142857142857,0.30769230769230776,0.45
frozenset({'分布式'}),"frozenset({'spring', 'redis', '微服务'})",0.16666666666666666,0.13333333333333333,0.06666666666666667,0.4,3.0,1.0,0.044444444444444446,1.4444444444444446,0.7999999999999999,0.2857142857142857,0.30769230769230776,0.45
"frozenset({'spring', 'java', 'redis'})","frozenset({'docker', '微服务'})",0.16666666666666666,0.13333333333333333,0.06666666666666667,0.4,3.0,1.0,0.044444444444444446,1.4444444444444446,0.7999999999999999,0.2857142857142857,0.30769230769230776,0.45
"frozenset({'spring', 'redis'})","frozenset({'docker', 'java', '微服务'})",0.16666666666666666,0.13333333333333333,0.06666666666666667,0.4,3.0,1.0,0.044444444444444446,1.4444444444444446,0.7999999999999999,0.2857142857142857,0.30769230769230776,0.45
"frozenset({'java', 'kafka'})","frozenset({'spring', 'redis', '微服务'})",0.16666666666666666,0.13333333333333333,0.06666666666666667,0.4,3.0,1.0,0.044444444444444446,1.4444444444444446,0.7999999999999999,0.2857142857142857,0.30769230769230776,0.45
"frozenset({'分布式', 'java'})","frozenset({'spring', 'redis', '微服务'})",0.16666666666666666,0.13333333333333333,0.06666666666666667,0.4,3.0,1.0,0.044444444444444446,1.4444444444444446,0.7999999999999999,0.2857142857142857,0.30769230769230776,0.45
frozenset({'分布式'}),"frozenset({'spring', 'redis', 'java', '微服务'})",0.16666666666666666,0.13333333333333333,0.06666666666666667,0.4,3.0,1.0,0.044444444444444446,1.4444444444444446,0.7999999999999999,0.2857142857142857,0.30769230769230776,0.45
"frozenset({'分布式', 'kafka'})","frozenset({'spring', 'redis', '微服务'})",0.16666666666666666,0.13333333333333333,0.06666666666666667,0.4,3.0,1.0,0.044444444444444446,1.4444444444444446,0.7999999999999999,0.2857142857142857,0.30769230769230776,0.45
"frozenset({'分布式', 'java', 'kafka'})","frozenset({'spring', '微服务', 'redis'})",0.16666666666666666,0.13333333333333333,0.06666666666666667,0.4,3.0,1.0,0.044444444444444446,1.4444444444444446,0.7999999999999999,0.2857142857142857,0.30769230769230776,0.45
"frozenset({'分布式', 'kafka'})","frozenset({'spring', '微服务', 'java', 'redis'})",0.16666666666666666,0.13333333333333333,0.06666666666666667,0.4,3.0,1.0,0.044444444444444446,1.4444444444444446,0.7999999999999999,0.2857142857142857,0.30769230769230776,0.45
"frozenset({'docker', 'java'})","frozenset({'spring', 'mysql'})",0.2,0.23333333333333334,0.13333333333333333,0.6666666666666666,2.8571428571428568,1.0,0.08666666666666667,2.2999999999999994,0.8125,0.44444444444444436,0.5652173913043478,0.6190476190476191
frozenset({'docker'}),"frozenset({'spring', 'java', 'mysql'})",0.2,0.23333333333333334,0.13333333333333333,0.6666666666666666,2.8571428571428568,1.0,0.08666666666666667,2.2999999999999994,0.8125,0.44444444444444436,0.5652173913043478,0.6190476190476191
frozenset({'docker'}),"frozenset({'spring', '微服务'})",0.2,0.23333333333333334,0.13333333333333333,0.6666666666666666,2.8571428571428568,1.0,0.08666666666666667,2.2999999999999994,0.8125,0.44444444444444436,0.5652173913043478,0.6190476190476191
frozenset({'docker'}),"frozenset({'spring', 'mysql'})",0.2,0.23333333333333334,0.13333333333333333,0.6666666666666666,2.8571428571428568,1.0,0.08666666666666667,2.2999999999999994,0.8125,0.44444444444444436,0.5652173913043478,0.6190476190476191
"frozenset({'docker', 'java'})","frozenset({'spring', '微服务'})",0.2,0.23333333333333334,0.13333333333333333,0.6666666666666666,2.8571428571428568,1.0,0.08666666666666667,2.2999999999999994,0.8125,0.44444444444444436,0.5652173913043478,0.6190476190476191
frozenset({'docker'}),"frozenset({'spring', 'java', '微服务'})",0.2,0.23333333333333334,0.13333333333333333,0.6666666666666666,2.8571428571428568,1.0,0.08666666666666667,2.2999999999999994,0.8125,0.44444444444444436,0.5652173913043478,0.6190476190476191
"frozenset({'spring', 'java', 'mysql'})",frozenset({'docker'}),0.23333333333333334,0.2,0.13333333333333333,0.5714285714285714,2.8571428571428568,1.0,0.08666666666666667,1.8666666666666667,0.8478260869565218,0.44444444444444436,0.4642857142857142,0.6190476190476191
"frozenset({'spring', 'mysql'})","frozenset({'docker', 'java'})",0.23333333333333334,0.2,0.13333333333333333,0.5714285714285714,2.8571428571428568,1.0,0.08666666666666667,1.8666666666666667,0.8478260869565218,0.44444444444444436,0.4642857142857142,0.6190476190476191
"frozenset({'spring', '微服务'})",frozenset({'docker'}),0.23333333333333334,0.2,0.13333333333333333,0.5714285714285714,2.8571428571428568,1.0,0.08666666666666667,1.8666666666666667,0.8478260869565218,0.44444444444444436,0.4642857142857142,0.6190476190476191
"frozenset({'spring', 'mysql'})",frozenset({'docker'}),0.23333333333333334,0.2,0.13333333333333333,0.5714285714285714,2.8571428571428568,1.0,0.08666666666666667,1.8666666666666667,0.8478260869565218,0.44444444444444436,0.4642857142857142,0.6190476190476191
"frozenset({'spring', 'java', '微服务'})",frozenset({'docker'}),0.23333333333333334,0.2,0.13333333333333333,0.5714285714285714,2.8571428571428568,1.0,0.08666666666666667,1.8666666666666667,0.8478260869565218,0.44444444444444436,0.4642857142857142,0.6190476190476191
"frozenset({'spring', '微服务'})","frozenset({'docker', 'java'})",0.23333333333333334,0.2,0.13333333333333333,0.5714285714285714,2.8571428571428568,1.0,0.08666666666666667,1.8666666666666667,0.8478260869565218,0.44444444444444436,0.4642857142857142,0.6190476190476191
frozenset({'redis'}),frozenset({'微服务'}),0.23333333333333334,0.26666666666666666,0.16666666666666666,0.7142857142857142,2.6785714285714284,1.0,0.10444444444444444,2.566666666666666,0.8173913043478261,0.49999999999999994,0.6103896103896103,0.6696428571428571
"frozenset({'java', 'redis'})",frozenset({'微服务'}),0.23333333333333334,0.26666666666666666,0.16666666666666666,0.7142857142857142,2.6785714285714284,1.0,0.10444444444444444,2.566666666666666,0.8173913043478261,0.49999999999999994,0.6103896103896103,0.6696428571428571
frozenset({'redis'}),"frozenset({'java', '微服务'})",0.23333333333333334,0.26666666666666666,0.16666666666666666,0.7142857142857142,2.6785714285714284,1.0,0.10444444444444444,2.566666666666666,0.8173913043478261,0.49999999999999994,0.6103896103896103,0.6696428571428571
frozenset({'微服务'}),frozenset({'redis'}),0.26666666666666666,0.23333333333333334,0.16666666666666666,0.625,2.6785714285714284,1.0,0.10444444444444444,2.0444444444444443,0.8545454545454544,0.49999999999999994,0.5108695652173914,0.6696428571428571
"frozenset({'java', '微服务'})",frozenset({'redis'}),0.26666666666666666,0.23333333333333334,0.16666666666666666,0.625,2.6785714285714284,1.0,0.10444444444444444,2.0444444444444443,0.8545454545454544,0.49999999999999994,0.5108695652173914,0.6696428571428571
frozenset({'微服务'}),"frozenset({'java', 'redis'})",0.26666666666666666,0.23333333333333334,0.16666666666666666,0.625,2.6785714285714284,1.0,0.10444444444444444,2.0444444444444443,0.8545454545454544,0.49999999999999994,0.5108695652173914,0.6696428571428571
frozenset({'机器学习'}),frozenset({'python'}),0.2,0.4,0.2,1.0,2.5,1.0,0.12,inf,0.7499999999999998,0.49999999999999994,1.0,0.75
frozenset({'docker'}),frozenset({'spring'}),0.2,0.4,0.2,1.0,2.5,1.0,0.12,inf,0.7499999999999998,0.49999999999999994,1.0,0.75
"frozenset({'docker', 'java'})",frozenset({'spring'}),0.2,0.4,0.2,1.0,2.5,1.0,0.12,inf,0.7499999999999998,0.49999999999999994,1.0,0.75
frozenset({'docker'}),"frozenset({'spring', 'java'})",0.2,0.4,0.2,1.0,2.5,1.0,0.12,inf,0.7499999999999998,0.49999999999999994,1.0,0.75
frozenset({'sql'}),frozenset({'python'}),0.16666666666666666,0.4,0.16666666666666666,1.0,2.5,1.0,0.09999999999999999,inf,0.7199999999999999,0.41666666666666663,1.0,0.7083333333333333
frozenset({'数据分析'}),frozenset({'python'}),0.16666666666666666,0.4,0.16666666666666666,1.0,2.5,1.0,0.09999999999999999,inf,0.7199999999999999,0.41666666666666663,1.0,0.7083333333333333
frozenset({'spark'}),frozenset({'python'}),0.13333333333333333,0.4,0.13333333333333333,1.0,2.5,1.0,0.07999999999999999,inf,0.6923076923076922,0.3333333333333333,1.0,0.6666666666666666
frozenset({'linux'}),frozenset({'spring'}),0.13333333333333333,0.4,0.13333333333333333,1.0,2.5,1.0,0.07999999999999999,inf,0.6923076923076922,0.3333333333333333,1.0,0.6666666666666666
frozenset({'numpy'}),frozenset({'python'}),0.13333333333333333,0.4,0.13333333333333333,1.0,2.5,1.0,0.07999999999999999,inf,0.6923076923076922,0.3333333333333333,1.0,0.6666666666666666
"frozenset({'docker', 'mysql', 'java'})",frozenset({'spring'}),0.13333333333333333,0.4,0.13333333333333333,1.0,2.5,1.0,0.07999999999999999,inf,0.6923076923076922,0.3333333333333333,1.0,0.6666666666666666
"frozenset({'docker', 'mysql'})","frozenset({'spring', 'java'})",0.13333333333333333,0.4,0.13333333333333333,1.0,2.5,1.0,0.07999999999999999,inf,0.6923076923076922,0.3333333333333333,1.0,0.6666666666666666
"frozenset({'mysql', 'linux'})",frozenset({'spring'}),0.13333333333333333,0.4,0.13333333333333333,1.0,2.5,1.0,0.07999999999999999,inf,0.6923076923076922,0.3333333333333333,1.0,0.6666666666666666
"frozenset({'spark', '机器学习'})",frozenset({'python'}),0.13333333333333333,0.4,0.13333333333333333,1.0,2.5,1.0,0.07999999999999999,inf,0.6923076923076922,0.3333333333333333,1.0,0.6666666666666666
"frozenset({'docker', '微服务'})",frozenset({'spring'}),0.13333333333333333,0.4,0.13333333333333333,1.0,2.5,1.0,0.07999999999999999,inf,0.6923076923076922,0.3333333333333333,1.0,0.6666666666666666
"frozenset({'hadoop', 'spark'})",frozenset({'python'}),0.13333333333333333,0.4,0.13333333333333333,1.0,2.5,1.0,0.07999999999999999,inf,0.6923076923076922,0.3333333333333333,1.0,0.6666666666666666
"frozenset({'hadoop', '机器学习'})",frozenset({'python'}),0.13333333333333333,0.4,0.13333333333333333,1.0,2.5,1.0,0.07999999999999999,inf,0.6923076923076922,0.3333333333333333,1.0,0.6666666666666666
"frozenset({'java', 'linux'})",frozenset({'spring'}),0.13333333333333333,0.4,0.13333333333333333,1.0,2.5,1.0,0.07999999999999999,inf,0.6923076923076922,0.3333333333333333,1.0,0.6666666666666666
frozenset({'linux'}),"frozenset({'spring', 'java'})",0.13333333333333333,0.4,0.13333333333333333,1.0,2.5,1.0,0.07999999999999999,inf,0.6923076923076922,0.3333333333333333,1.0,0.6666666666666666
frozenset({'hadoop'}),frozenset({'python'}),0.13333333333333333,0.4,0.13333333333333333,1.0,2.5,1.0,0.07999999999999999,inf,0.6923076923076922,0.3333333333333333,1.0,0.6666666666666666
"frozenset({'docker', 'mysql'})",frozenset({'spring'}),0.13333333333333333,0.4,0.13333333333333333,1.0,2.5,1.0,0.07999999999999999,inf,0.6923076923076922,0.3333333333333333,1.0,0.6666666666666666
"frozenset({'数据分析', 'sql'})",frozenset({'python'}),0.13333333333333333,0.4,0.13333333333333333,1.0,2.5,1.0,0.07999999999999999,inf,0.6923076923076922,0.3333333333333333,1.0,0.6666666666666666
"frozenset({'mysql', 'java', 'linux'})",frozenset({'spring'}),0.13333333333333333,0.4,0.13333333333333333,1.0,2.5,1.0,0.07999999999999999,inf,0.6923076923076922,0.3333333333333333,1.0,0.6666666666666666
"frozenset({'mysql', 'linux'})","frozenset({'spring', 'java'})",0.13333333333333333,0.4,0.13333333333333333,1.0,2.5,1.0,0.07999999999999999,inf,0.6923076923076922,0.3333333333333333,1.0,0.6666666666666666
"frozenset({'docker', 'java', '微服务'})",frozenset({'spring'}),0.13333333333333333,0.4,0.13333333333333333,1.0,2.5,1.0,0.07999999999999999,inf,0.6923076923076922,0.3333333333333333,1.0,0.6666666666666666
"frozenset({'docker', '微服务'})","frozenset({'spring', 'java'})",0.13333333333333333,0.4,0.13333333333333333,1.0,2.5,1.0,0.07999999999999999,inf,0.6923076923076922,0.3333333333333333,1.0,0.6666666666666666
"frozenset({'hadoop', 'spark', '机器学习'})",frozenset({'python'}),0.13333333333333333,0.4,0.13333333333333333,1.0,2.5,1.0,0.07999999999999999,inf,0.6923076923076922,0.3333333333333333,1.0,0.6666666666666666
frozenset({'深度学习'}),frozenset({'python'}),0.1,0.4,0.1,1.0,2.5,1.0,0.06,inf,0.6666666666666665,0.25,1.0,0.625
frozenset({'pandas'}),frozenset({'python'}),0.1,0.4,0.1,1.0,2.5,1.0,0.06,inf,0.6666666666666665,0.25,1.0,0.625
frozenset({'mybatis'}),frozenset({'spring'}),0.1,0.4,0.1,1.0,2.5,1.0,0.06,inf,0.6666666666666665,0.25,1.0,0.625
"frozenset({'数据分析', 'pandas'})",frozenset({'python'}),0.1,0.4,0.1,1.0,2.5,1.0,0.06,inf,0.6666666666666665,0.25,1.0,0.625
"frozenset({'mysql', 'java', '微服务'})",frozenset({'spring'}),0.1,0.4,0.1,1.0,2.5,1.0,0.06,inf,0.6666666666666665,0.25,1.0,0.625
"frozenset({'mysql', '微服务'})","frozenset({'spring', 'java'})",0.1,0.4,0.1,1.0,2.5,1.0,0.06,inf,0.6666666666666665,0.25,1.0,0.625
"frozenset({'mysql', '微服务'})",frozenset({'spring'}),0.1,0.4,0.1,1.0,2.5,1.0,0.06,inf,0.6666666666666665,0.25,1.0,0.625
"frozenset({'mysql', 'java', 'mybatis'})",frozenset({'spring'}),0.1,0.4,0.1,1.0,2.5,1.0,0.06,inf,0.6666666666666665,0.25,1.0,0.625
"frozenset({'mysql', 'mybatis'})","frozenset({'spring', 'java'})",0.1,0.4,0.1,1.0,2.5,1.0,0.06,inf,0.6666666666666665,0.25,1.0,0.625
"frozenset({'mysql', 'mybatis'})",frozenset({'spring'}),0.1,0.4,0.1,1.0,2.5,1.0,0.06,inf,0.6666666666666665,0.25,1.0,0.625
"frozenset({'java', 'mybatis'})",frozenset({'spring'}),0.1,0.4,0.1,1.0,2.5,1.0,0.06,inf,0.6666666666666665,0.25,1.0,0.625
frozenset({'mybatis'}),"frozenset({'spring', 'java'})",0.1,0.4,0.1,1.0,2.5,1.0,0.06,inf,0.6666666666666665,0.25,1.0,0.625
frozenset({'可视化'}),frozenset({'python'}),0.06666666666666667,0.4,0.06666666666666667,1.0,2.5,1.0,0.039999999999999994,inf,0.6428571428571428,0.16666666666666666,1.0,0.5833333333333334
frozenset({'tableau'}),frozenset({'python'}),0.06666666666666667,0.4,0.06666666666666667,1.0,2.5,1.0,0.039999999999999994,inf,0.6428571428571428,0.16666666666666666,1.0,0.5833333333333334
frozenset({'pytorch'}),frozenset({'python'}),0.06666666666666667,0.4,0.06666666666666667,1.0,2.5,1.0,0.039999999999999994,inf,0.6428571428571428,0.16666666666666666,1.0,0.5833333333333334
frozenset({'tensorflow'}),frozenset({'python'}),0.06666666666666667,0.4,0.06666666666666667,1.0,2.5,1.0,0.039999999999999994,inf,0.6428571428571428,0.16666666666666666,1.0,0.5833333333333334
frozenset({'k8s'}),frozenset({'spring'}),0.06666666666666667,0.4,0.06666666666666667,1.0,2.5,1.0,0.039999999999999994,inf,0.6428571428571428,0.16666666666666666,1.0,0.5833333333333334
"frozenset({'docker', 'linux'})",frozenset({'spring'}),0.06666666666666667,0.4,0.06666666666666667,1.0,2.5,1.0,0.039999999999999994,inf,0.6428571428571428,0.16666666666666666,1.0,0.5833333333333334
"frozenset({'java', 'k8s'})",frozenset({'spring'}),0.06666666666666667,0.4,0.06666666666666667,1.0,2.5,1.0,0.039999999999999994,inf,0.6428571428571428,0.16666666666666666,1.0,0.5833333333333334
frozenset({'k8s'}),"frozenset({'spring', 'java'})",0.06666666666666667,0.4,0.06666666666666667,1.0,2.5,1.0,0.039999999999999994,inf,0.6428571428571428,0.16666666666666666,1.0,0.5833333333333334
"frozenset({'tableau', 'sql'})",frozenset({'python'}),0.06666666666666667,0.4,0.06666666666666667,1.0,2.5,1.0,0.039999999999999994,inf,0.6428571428571428,0.16666666666666666,1.0,0.5833333333333334
"frozenset({'深度学习', 'pytorch'})",frozenset({'python'}),0.06666666666666667,0.4,0.06666666666666667,1.0,2.5,1.0,0.039999999999999994,inf,0.6428571428571428,0.16666666666666666,1.0,0.5833333333333334
"frozenset({'pandas', 'sql'})",frozenset({'python'}),0.06666666666666667,0.4,0.06666666666666667,1.0,2.5,1.0,0.039999999999999994,inf,0.6428571428571428,0.16666666666666666,1.0,0.5833333333333334
"frozenset({'numpy', '深度学习'})",frozenset({'python'}),0.06666666666666667,0.4,0.06666666666666667,1.0,2.5,1.0,0.039999999999999994,inf,0.6428571428571428,0.16666666666666666,1.0,0.5833333333333334
"frozenset({'numpy', 'pytorch'})",frozenset({'python'}),0.06666666666666667,0.4,0.06666666666666667,1.0,2.5,1.0,0.039999999999999994,inf,0.6428571428571428,0.16666666666666666,1.0,0.5833333333333334
"frozenset({'数据分析', 'numpy'})",frozenset({'python'}),0.06666666666666667,0.4,0.06666666666666667,1.0,2.5,1.0,0.039999999999999994,inf,0.6428571428571428,0.16666666666666666,1.0,0.5833333333333334
"frozenset({'linux', 'mybatis'})",frozenset({'spring'}),0.06666666666666667,0.4,0.06666666666666667,1.0,2.5,1.0,0.039999999999999994,inf,0.6428571428571428,0.16666666666666666,1.0,0.5833333333333334
"frozenset({'numpy', 'pandas'})",frozenset({'python'}),0.06666666666666667,0.4,0.06666666666666667,1.0,2.5,1.0,0.039999999999999994,inf,0.6428571428571428,0.16666666666666666,1.0,0.5833333333333334
"frozenset({'微服务', 'k8s'})",frozenset({'spring'}),0.06666666666666667,0.4,0.06666666666666667,1.0,2.5,1.0,0.039999999999999994,inf,0.6428571428571428,0.16666666666666666,1.0,0.5833333333333334
"frozenset({'docker', 'redis'})",frozenset({'spring'}),0.06666666666666667,0.4,0.06666666666666667,1.0,2.5,1.0,0.039999999999999994,inf,0.6428571428571428,0.16666666666666666,1.0,0.5833333333333334
"frozenset({'docker', 'k8s'})",frozenset({'spring'}),0.06666666666666667,0.4,0.06666666666666667,1.0,2.5,1.0,0.039999999999999994,inf,0.6428571428571428,0.16666666666666666,1.0,0.5833333333333334
"frozenset({'docker', 'java', 'linux'})",frozenset({'spring'}),0.06666666666666667,0.4,0.06666666666666667,1.0,2.5,1.0,0.039999999999999994,inf,0.6428571428571428,0.16666666666666666,1.0,0.5833333333333334
"frozenset({'docker', 'linux'})","frozenset({'spring', 'java'})",0.06666666666666667,0.4,0.06666666666666667,1.0,2.5,1.0,0.039999999999999994,inf,0.6428571428571428,0.16666666666666666,1.0,0.5833333333333334
"frozenset({'docker', 'java', 'k8s'})",frozenset({'spring'}),0.06666666666666667,0.4,0.06666666666666667,1.0,2.5,1.0,0.039999999999999994,inf,0.6428571428571428,0.16666666666666666,1.0,0.5833333333333334
"frozenset({'docker', 'k8s'})","frozenset({'spring', 'java'})",0.06666666666666667,0.4,0.06666666666666667,1.0,2.5,1.0,0.039999999999999994,inf,0.6428571428571428,0.16666666666666666,1.0,0.5833333333333334
"frozenset({'机器学习', '深度学习'})",frozenset({'python'}),0.06666666666666667,0.4,0.06666666666666667,1.0,2.5,1.0,0.039999999999999994,inf,0.6428571428571428,0.16666666666666666,1.0,0.5833333333333334
"frozenset({'可视化', '数据分析'})",frozenset({'python'}),0.06666666666666667,0.4,0.06666666666666667,1.0,2.5,1.0,0.039999999999999994,inf,0.6428571428571428,0.16666666666666666,1.0,0.5833333333333334
"frozenset({'数据分析', 'tableau'})",frozenset({'python'}),0.06666666666666667,0.4,0.06666666666666667,1.0,2.5,1.0,0.039999999999999994,inf,0.6428571428571428,0.16666666666666666,1.0,0.5833333333333334
"frozenset({'深度学习', 'tensorflow'})",frozenset({'python'}),0.06666666666666667,0.4,0.06666666666666667,1.0,2.5,1.0,0.039999999999999994,inf,0.6428571428571428,0.16666666666666666,1.0,0.5833333333333334
"frozenset({'java', '微服务', 'k8s'})",frozenset({'spring'}),0.06666666666666667,0.4,0.06666666666666667,1.0,2.5,1.0,0.039999999999999994,inf,0.6428571428571428,0.16666666666666666,1.0,0.5833333333333334
"frozenset({'微服务', 'k8s'})","frozenset({'spring', 'java'})",0.06666666666666667,0.4,0.06666666666666667,1.0,2.5,1.0,0.039999999999999994,inf,0.6428571428571428,0.16666666666666666,1.0,0.5833333333333334
"frozenset({'docker', 'redis', '微服务'})",frozenset({'spring'}),0.06666666666666667,0.4,0.06666666666666667,1.0,2.5,1.0,0.039999999999999994,inf,0.6428571428571428,0.16666666666666666,1.0,0.5833333333333334
"frozenset({'docker', '微服务', 'k8s'})",frozenset({'spring'}),0.06666666666666667,0.4,0.06666666666666667,1.0,2.5,1.0,0.039999999999999994,inf,0.6428571428571428,0.16666666666666666,1.0,0.5833333333333334
"frozenset({'docker', 'mysql', 'linux'})",frozenset({'spring'}),0.06666666666666667,0.4,0.06666666666666667,1.0,2.5,1.0,0.039999999999999994,inf,0.6428571428571428,0.16666666666666666,1.0,0.5833333333333334
"frozenset({'docker', 'mysql', '微服务'})",frozenset({'spring'}),0.06666666666666667,0.4,0.06666666666666667,1.0,2.5,1.0,0.039999999999999994,inf,0.6428571428571428,0.16666666666666666,1.0,0.5833333333333334
"frozenset({'docker', 'java', 'redis'})",frozenset({'spring'}),0.06666666666666667,0.4,0.06666666666666667,1.0,2.5,1.0,0.039999999999999994,inf,0.6428571428571428,0.16666666666666666,1.0,0.5833333333333334
"frozenset({'docker', 'redis'})","frozenset({'spring', 'java'})",0.06666666666666667,0.4,0.06666666666666667,1.0,2.5,1.0,0.039999999999999994,inf,0.6428571428571428,0.16666666666666666,1.0,0.5833333333333334
"frozenset({'java', 'linux', 'mybatis'})",frozenset({'spring'}),0.06666666666666667,0.4,0.06666666666666667,1.0,2.5,1.0,0.039999999999999994,inf,0.6428571428571428,0.16666666666666666,1.0,0.5833333333333334
"frozenset({'linux', 'mybatis'})","frozenset({'spring', 'java'})",0.06666666666666667,0.4,0.06666666666666667,1.0,2.5,1.0,0.039999999999999994,inf,0.6428571428571428,0.16666666666666666,1.0,0.5833333333333334
"frozenset({'数据分析', 'numpy', 'pandas'})",frozenset({'python'}),0.06666666666666667,0.4,0.06666666666666667,1.0,2.5,1.0,0.039999999999999994,inf,0.6428571428571428,0.16666666666666666,1.0,0.5833333333333334
"frozenset({'mysql', 'linux', 'mybatis'})",frozenset({'spring'}),0.06666666666666667,0.4,0.06666666666666667,1.0,2.5,1.0,0.039999999999999994,inf,0.6428571428571428,0.16666666666666666,1.0,0.5833333333333334
"frozenset({'numpy', '深度学习', 'pytorch'})",frozenset({'python'}),0.06666666666666667,0.4,0.06666666666666667,1.0,2.5,1.0,0.039999999999999994,inf,0.6428571428571428,0.16666666666666666,1.0,0.5833333333333334
"frozenset({'数据分析', 'pandas', 'sql'})",frozenset({'python'}),0.06666666666666667,0.4,0.06666666666666667,1.0,2.5,1.0,0.039999999999999994,inf,0.6428571428571428,0.16666666666666666,1.0,0.5833333333333334
"frozenset({'docker', 'java', '微服务', 'k8s'})",frozenset({'spring'}),0.06666666666666667,0.4,0.06666666666666667,1.0,2.5,1.0,0.039999999999999994,inf,0.6428571428571428,0.16666666666666666,1.0,0.5833333333333334
"frozenset({'docker', '微服务', 'k8s'})","frozenset({'spring', 'java'})",0.06666666666666667,0.4,0.06666666666666667,1.0,2.5,1.0,0.039999999999999994,inf,0.6428571428571428,0.16666666666666666,1.0,0.5833333333333334
"frozenset({'docker', 'mysql', 'java', 'linux'})",frozenset({'spring'}),0.06666666666666667,0.4,0.06666666666666667,1.0,2.5,1.0,0.039999999999999994,inf,0.6428571428571428,0.16666666666666666,1.0,0.5833333333333334
"frozenset({'docker', 'mysql', 'linux'})","frozenset({'spring', 'java'})",0.06666666666666667,0.4,0.06666666666666667,1.0,2.5,1.0,0.039999999999999994,inf,0.6428571428571428,0.16666666666666666,1.0,0.5833333333333334
"frozenset({'数据分析', 'tableau', 'sql'})",frozenset({'python'}),0.06666666666666667,0.4,0.06666666666666667,1.0,2.5,1.0,0.039999999999999994,inf,0.6428571428571428,0.16666666666666666,1.0,0.5833333333333334
"frozenset({'docker', 'redis', 'java', '微服务'})",frozenset({'spring'}),0.06666666666666667,0.4,0.06666666666666667,1.0,2.5,1.0,0.039999999999999994,inf,0.6428571428571428,0.16666666666666666,1.0,0.5833333333333334
"frozenset({'docker', 'redis', '微服务'})","frozenset({'spring', 'java'})",0.06666666666666667,0.4,0.06666666666666667,1.0,2.5,1.0,0.039999999999999994,inf,0.6428571428571428,0.16666666666666666,1.0,0.5833333333333334
"frozenset({'docker', 'mysql', 'java', '微服务'})",frozenset({'spring'}),0.06666666666666667,0.4,0.06666666666666667,1.0,2.5,1.0,0.039999999999999994,inf,0.6428571428571428,0.16666666666666666,1.0,0.5833333333333334
"frozenset({'docker', 'mysql', '微服务'})","frozenset({'spring', 'java'})",0.06666666666666667,0.4,0.06666666666666667,1.0,2.5,1.0,0.039999999999999994,inf,0.6428571428571428,0.16666666666666666,1.0,0.5833333333333334
"frozenset({'mysql', 'java', 'linux', 'mybatis'})",frozenset({'spring'}),0.06666666666666667,0.4,0.06666666666666667,1.0,2.5,1.0,0.039999999999999994,inf,0.6428571428571428,0.16666666666666666,1.0,0.5833333333333334
"frozenset({'mysql', 'linux', 'mybatis'})","frozenset({'spring', 'java'})",0.06666666666666667,0.4,0.06666666666666667,1.0,2.5,1.0,0.039999999999999994,inf,0.6428571428571428,0.16666666666666666,1.0,0.5833333333333334
"frozenset({'docker', 'spring', 'java'})",frozenset({'mysql'}),0.2,0.26666666666666666,0.13333333333333333,0.6666666666666666,2.5,1.0,0.07999999999999999,2.1999999999999997,0.7499999999999999,0.39999999999999997,0.5454545454545454,0.5833333333333333
"frozenset({'docker', 'spring'})","frozenset({'mysql', 'java'})",0.2,0.26666666666666666,0.13333333333333333,0.6666666666666666,2.5,1.0,0.07999999999999999,2.1999999999999997,0.7499999999999999,0.39999999999999997,0.5454545454545454,0.5833333333333333
"frozenset({'docker', 'spring'})",frozenset({'微服务'}),0.2,0.26666666666666666,0.13333333333333333,0.6666666666666666,2.5,1.0,0.07999999999999999,2.1999999999999997,0.7499999999999999,0.39999999999999997,0.5454545454545454,0.5833333333333333
"frozenset({'docker', 'java'})",frozenset({'微服务'}),0.2,0.26666666666666666,0.13333333333333333,0.6666666666666666,2.5,1.0,0.07999999999999999,2.1999999999999997,0.7499999999999999,0.39999999999999997,0.5454545454545454,0.5833333333333333
frozenset({'docker'}),"frozenset({'java', '微服务'})",0.2,0.26666666666666666,0.13333333333333333,0.6666666666666666,2.5,1.0,0.07999999999999999,2.1999999999999997,0.7499999999999999,0.39999999999999997,0.5454545454545454,0.5833333333333333
"frozenset({'docker', 'java'})",frozenset({'mysql'}),0.2,0.26666666666666666,0.13333333333333333,0.6666666666666666,2.5,1.0,0.07999999999999999,2.1999999999999997,0.7499999999999999,0.39999999999999997,0.5454545454545454,0.5833333333333333
frozenset({'docker'}),"frozenset({'mysql', 'java'})",0.2,0.26666666666666666,0.13333333333333333,0.6666666666666666,2.5,1.0,0.07999999999999999,2.1999999999999997,0.7499999999999999,0.39999999999999997,0.5454545454545454,0.5833333333333333
frozenset({'docker'}),frozenset({'微服务'}),0.2,0.26666666666666666,0.13333333333333333,0.6666666666666666,2.5,1.0,0.07999999999999999,2.1999999999999997,0.7499999999999999,0.39999999999999997,0.5454545454545454,0.5833333333333333
frozenset({'docker'}),frozenset({'mysql'}),0.2,0.26666666666666666,0.13333333333333333,0.6666666666666666,2.5,1.0,0.07999999999999999,2.1999999999999997,0.7499999999999999,0.39999999999999997,0.5454545454545454,0.5833333333333333
"frozenset({'docker', 'spring'})",frozenset({'mysql'}),0.2,0.26666666666666666,0.13333333333333333,0.6666666666666666,2.5,1.0,0.07999999999999999,2.1999999999999997,0.7499999999999999,0.39999999999999997,0.5454545454545454,0.5833333333333333
"frozenset({'docker', 'spring', 'java'})",frozenset({'微服务'}),0.2,0.26666666666666666,0.13333333333333333,0.6666666666666666,2.5,1.0,0.07999999999999999,2.1999999999999997,0.7499999999999999,0.39999999999999997,0.5454545454545454,0.5833333333333333
"frozenset({'docker', 'spring'})","frozenset({'java', '微服务'})",0.2,0.26666666666666666,0.13333333333333333,0.6666666666666666,2.5,1.0,0.07999999999999999,2.1999999999999997,0.7499999999999999,0.39999999999999997,0.5454545454545454,0.5833333333333333
"frozenset({'spring', 'kafka'})",frozenset({'微服务'}),0.1,0.26666666666666666,0.06666666666666667,0.6666666666666666,2.5,1.0,0.039999999999999994,2.1999999999999997,0.6666666666666666,0.22222222222222218,0.5454545454545454,0.4583333333333333
"frozenset({'spring', 'java', 'kafka'})",frozenset({'微服务'}),0.1,0.26666666666666666,0.06666666666666667,0.6666666666666666,2.5,1.0,0.039999999999999994,2.1999999999999997,0.6666666666666666,0.22222222222222218,0.5454545454545454,0.4583333333333333
"frozenset({'spring', 'kafka'})","frozenset({'java', '微服务'})",0.1,0.26666666666666666,0.06666666666666667,0.6666666666666666,2.5,1.0,0.039999999999999994,2.1999999999999997,0.6666666666666666,0.22222222222222218,0.5454545454545454,0.4583333333333333
"frozenset({'spring', '分布式'})",frozenset({'微服务'}),0.1,0.26666666666666666,0.06666666666666667,0.6666666666666666,2.5,1.0,0.039999999999999994,2.1999999999999997,0.6666666666666666,0.22222222222222218,0.5454545454545454,0.4583333333333333
"frozenset({'spring', 'redis', 'kafka'})",frozenset({'微服务'}),0.1,0.26666666666666666,0.06666666666666667,0.6666666666666666,2.5,1.0,0.039999999999999994,2.1999999999999997,0.6666666666666666,0.22222222222222218,0.5454545454545454,0.4583333333333333
"frozenset({'spring', '分布式', 'kafka'})",frozenset({'微服务'}),0.1,0.26666666666666666,0.06666666666666667,0.6666666666666666,2.5,1.0,0.039999999999999994,2.1999999999999997,0.6666666666666666,0.22222222222222218,0.5454545454545454,0.4583333333333333
"frozenset({'spring', '分布式', 'java'})",frozenset({'微服务'}),0.1,0.26666666666666666,0.06666666666666667,0.6666666666666666,2.5,1.0,0.039999999999999994,2.1999999999999997,0.6666666666666666,0.22222222222222218,0.5454545454545454,0.4583333333333333
"frozenset({'spring', '分布式'})","frozenset({'java', '微服务'})",0.1,0.26666666666666666,0.06666666666666667,0.6666666666666666,2.5,1.0,0.039999999999999994,2.1999999999999997,0.6666666666666666,0.22222222222222218,0.5454545454545454,0.4583333333333333
"frozenset({'spring', '分布式', 'redis'})",frozenset({'微服务'}),0.1,0.26666666666666666,0.06666666666666667,0.6666666666666666,2.5,1.0,0.039999999999999994,2.1999999999999997,0.6666666666666666,0.22222222222222218,0.5454545454545454,0.4583333333333333
"frozenset({'spring', 'java', 'redis', 'kafka'})",frozenset({'微服务'}),0.1,0.26666666666666666,0.06666666666666667,0.6666666666666666,2.5,1.0,0.039999999999999994,2.1999999999999997,0.6666666666666666,0.22222222222222218,0.5454545454545454,0.4583333333333333
"frozenset({'spring', 'redis', 'kafka'})","frozenset({'java', '微服务'})",0.1,0.26666666666666666,0.06666666666666667,0.6666666666666666,2.5,1.0,0.039999999999999994,2.1999999999999997,0.6666666666666666,0.22222222222222218,0.5454545454545454,0.4583333333333333
"frozenset({'spring', '分布式', 'java', 'kafka'})",frozenset({'微服务'}),0.1,0.26666666666666666,0.06666666666666667,0.6666666666666666,2.5,1.0,0.039999999999999994,2.1999999999999997,0.6666666666666666,0.22222222222222218,0.5454545454545454,0.4583333333333333
"frozenset({'spring', '分布式', 'kafka'})","frozenset({'java', '微服务'})",0.1,0.26666666666666666,0.06666666666666667,0.6666666666666666,2.5,1.0,0.039999999999999994,2.1999999999999997,0.6666666666666666,0.22222222222222218,0.5454545454545454,0.4583333333333333
"frozenset({'spring', '分布式', 'java', 'redis'})",frozenset({'微服务'}),0.1,0.26666666666666666,0.06666666666666667,0.6666666666666666,2.5,1.0,0.039999999999999994,2.1999999999999997,0.6666666666666666,0.22222222222222218,0.5454545454545454,0.4583333333333333
"frozenset({'spring', '分布式', 'redis'})","frozenset({'java', '微服务'})",0.1,0.26666666666666666,0.06666666666666667,0.6666666666666666,2.5,1.0,0.039999999999999994,2.1999999999999997,0.6666666666666666,0.22222222222222218,0.5454545454545454,0.4583333333333333
"frozenset({'spring', '分布式', 'redis', 'kafka'})",frozenset({'微服务'}),0.1,0.26666666666666666,0.06666666666666667,0.6666666666666666,2.5,1.0,0.039999999999999994,2.1999999999999997,0.6666666666666666,0.22222222222222218,0.5454545454545454,0.4583333333333333
"frozenset({'java', 'kafka', 'spring', '分布式', 'redis'})",frozenset({'微服务'}),0.1,0.26666666666666666,0.06666666666666667,0.6666666666666666,2.5,1.0,0.039999999999999994,2.1999999999999997,0.6666666666666666,0.22222222222222218,0.5454545454545454,0.4583333333333333
"frozenset({'spring', '分布式', 'redis', 'kafka'})","frozenset({'java', '微服务'})",0.1,0.26666666666666666,0.06666666666666667,0.6666666666666666,2.5,1.0,0.039999999999999994,2.1999999999999997,0.6666666666666666,0.22222222222222218,0.5454545454545454,0.4583333333333333
frozenset({'python'}),frozenset({'机器学习'}),0.4,0.2,0.2,0.5,2.5,1.0,0.12,1.6,1.0,0.49999999999999994,0.37499999999999994,0.75
frozenset({'spring'}),frozenset({'docker'}),0.4,0.2,0.2,0.5,2.5,1.0,0.12,1.6,1.0,0.49999999999999994,0.37499999999999994,0.75
"frozenset({'spring', 'java'})",frozenset({'docker'}),0.4,0.2,0.2,0.5,2.5,1.0,0.12,1.6,1.0,0.49999999999999994,0.37499999999999994,0.75
frozenset({'spring'}),"frozenset({'docker', 'java'})",0.4,0.2,0.2,0.5,2.5,1.0,0.12,1.6,1.0,0.49999999999999994,0.37499999999999994,0.75
"frozenset({'mysql', 'java'})","frozenset({'docker', 'spring'})",0.26666666666666666,0.2,0.13333333333333333,0.5,2.5,1.0,0.07999999999999999,1.6,0.818181818181818,0.39999999999999997,0.37499999999999994,0.5833333333333333
frozenset({'mysql'}),"frozenset({'docker', 'spring', 'java'})",0.26666666666666666,0.2,0.13333333333333333,0.5,2.5,1.0,0.07999999999999999,1.6,0.818181818181818,0.39999999999999997,0.37499999999999994,0.5833333333333333
frozenset({'微服务'}),"frozenset({'docker', 'spring'})",0.26666666666666666,0.2,0.13333333333333333,0.5,2.5,1.0,0.07999999999999999,1.6,0.818181818181818,0.39999999999999997,0.37499999999999994,0.5833333333333333
"frozenset({'java', '微服务'})",frozenset({'docker'}),0.26666666666666666,0.2,0.13333333333333333,0.5,2.5,1.0,0.07999999999999999,1.6,0.818181818181818,0.39999999999999997,0.37499999999999994,0.5833333333333333
frozenset({'微服务'}),"frozenset({'docker', 'java'})",0.26666666666666666,0.2,0.13333333333333333,0.5,2.5,1.0,0.07999999999999999,1.6,0.818181818181818,0.39999999999999997,0.37499999999999994,0.5833333333333333
"frozenset({'mysql', 'java'})",frozenset({'docker'}),0.26666666666666666,0.2,0.13333333333333333,0.5,2.5,1.0,0.07999999999999999,1.6,0.818181818181818,0.39999999999999997,0.37499999999999994,0.5833333333333333
frozenset({'mysql'}),"frozenset({'docker', 'java'})",0.26666666666666666,0.2,0.13333333333333333,0.5,2.5,1.0,0.07999999999999999,1.6,0.818181818181818,0.39999999999999997,0.37499999999999994,0.5833333333333333
frozenset({'微服务'}),frozenset({'docker'}),0.26666666666666666,0.2,0.13333333333333333,0.5,2.5,1.0,0.07999999999999999,1.6,0.818181818181818,0.39999999999999997,0.37499999999999994,0.5833333333333333
frozenset({'mysql'}),frozenset({'docker'}),0.26666666666666666,0.2,0.13333333333333333,0.5,2.5,1.0,0.07999999999999999,1.6,0.818181818181818,0.39999999999999997,0.37499999999999994,0.5833333333333333
frozenset({'mysql'}),"frozenset({'docker', 'spring'})",0.26666666666666666,0.2,0.13333333333333333,0.5,2.5,1.0,0.07999999999999999,1.6,0.818181818181818,0.39999999999999997,0.37499999999999994,0.5833333333333333
"frozenset({'java', '微服务'})","frozenset({'docker', 'spring'})",0.26666666666666666,0.2,0.13333333333333333,0.5,2.5,1.0,0.07999999999999999,1.6,0.818181818181818,0.39999999999999997,0.37499999999999994,0.5833333333333333
frozenset({'微服务'}),"frozenset({'docker', 'spring', 'java'})",0.26666666666666666,0.2,0.13333333333333333,0.5,2.5,1.0,0.07999999999999999,1.6,0.818181818181818,0.39999999999999997,0.37499999999999994,0.5833333333333333
frozenset({'linux'}),frozenset({'docker'}),0.13333333333333333,0.2,0.06666666666666667,0.5,2.5,1.0,0.039999999999999994,1.6,0.6923076923076922,0.24999999999999994,0.37499999999999994,0.41666666666666663
"frozenset({'spring', 'linux'})",frozenset({'docker'}),0.13333333333333333,0.2,0.06666666666666667,0.5,2.5,1.0,0.039999999999999994,1.6,0.6923076923076922,0.24999999999999994,0.37499999999999994,0.41666666666666663
frozenset({'linux'}),"frozenset({'docker', 'spring'})",0.13333333333333333,0.2,0.06666666666666667,0.5,2.5,1.0,0.039999999999999994,1.6,0.6923076923076922,0.24999999999999994,0.37499999999999994,0.41666666666666663
"frozenset({'mysql', 'linux'})",frozenset({'docker'}),0.13333333333333333,0.2,0.06666666666666667,0.5,2.5,1.0,0.039999999999999994,1.6,0.6923076923076922,0.24999999999999994,0.37499999999999994,0.41666666666666663
"frozenset({'java', 'linux'})",frozenset({'docker'}),0.13333333333333333,0.2,0.06666666666666667,0.5,2.5,1.0,0.039999999999999994,1.6,0.6923076923076922,0.24999999999999994,0.37499999999999994,0.41666666666666663
frozenset({'linux'}),"frozenset({'docker', 'java'})",0.13333333333333333,0.2,0.06666666666666667,0.5,2.5,1.0,0.039999999999999994,1.6,0.6923076923076922,0.24999999999999994,0.37499999999999994,0.41666666666666663
"frozenset({'spring', 'java', 'linux'})",frozenset({'docker'}),0.13333333333333333,0.2,0.06666666666666667,0.5,2.5,1.0,0.039999999999999994,1.6,0.6923076923076922,0.24999999999999994,0.37499999999999994,0.41666666666666663
"frozenset({'spring', 'linux'})","frozenset({'docker', 'java'})",0.13333333333333333,0.2,0.06666666666666667,0.5,2.5,1.0,0.039999999999999994,1.6,0.6923076923076922,0.24999999999999994,0.37499999999999994,0.41666666666666663
"frozenset({'java', 'linux'})","frozenset({'docker', 'spring'})",0.13333333333333333,0.2,0.06666666666666667,0.5,2.5,1.0,0.039999999999999994,1.6,0.6923076923076922,0.24999999999999994,0.37499999999999994,0.41666666666666663
frozenset({'linux'}),"frozenset({'docker', 'spring', 'java'})",0.13333333333333333,0.2,0.06666666666666667,0.5,2.5,1.0,0.039999999999999994,1.6,0.6923076923076922,0.24999999999999994,0.37499999999999994,0.41666666666666663
"frozenset({'mysql', 'java', 'linux'})",frozenset({'docker'}),0.13333333333333333,0.2,0.06666666666666667,0.5,2.5,1.0,0.039999999999999994,1.6,0.6923076923076922,0.24999999999999994,0.37499999999999994,0.41666666666666663
"frozenset({'mysql', 'linux'})","frozenset({'docker', 'java'})",0.13333333333333333,0.2,0.06666666666666667,0.5,2.5,1.0,0.039999999999999994,1.6,0.6923076923076922,0.24999999999999994,0.37499999999999994,0.41666666666666663
"frozenset({'spring', 'redis', '微服务'})",frozenset({'docker'}),0.13333333333333333,0.2,0.06666666666666667,0.5,2.5,1.0,0.039999999999999994,1.6,0.6923076923076922,0.24999999999999994,0.37499999999999994,0.41666666666666663
"frozenset({'spring', 'linux', 'mysql'})",frozenset({'docker'}),0.13333333333333333,0.2,0.06666666666666667,0.5,2.5,1.0,0.039999999999999994,1.6,0.6923076923076922,0.24999999999999994,0.37499999999999994,0.41666666666666663
"frozenset({'mysql', 'linux'})","frozenset({'docker', 'spring'})",0.13333333333333333,0.2,0.06666666666666667,0.5,2.5,1.0,0.039999999999999994,1.6,0.6923076923076922,0.24999999999999994,0.37499999999999994,0.41666666666666663
"frozenset({'spring', 'redis', '微服务'})",frozenset({'kafka'}),0.13333333333333333,0.2,0.06666666666666667,0.5,2.5,1.0,0.039999999999999994,1.6,0.6923076923076922,0.24999999999999994,0.37499999999999994,0.41666666666666663
"frozenset({'spring', 'java', 'linux', 'mysql'})",frozenset({'docker'}),0.13333333333333333,0.2,0.06666666666666667,0.5,2.5,1.0,0.039999999999999994,1.6,0.6923076923076922,0.24999999999999994,0.37499999999999994,0.41666666666666663
"frozenset({'mysql', 'java', 'linux'})","frozenset({'docker', 'spring'})",0.13333333333333333,0.2,0.06666666666666667,0.5,2.5,1.0,0.039999999999999994,1.6,0.6923076923076922,0.24999999999999994,0.37499999999999994,0.41666666666666663
"frozenset({'spring', 'linux', 'mysql'})","frozenset({'docker', 'java'})",0.13333333333333333,0.2,0.06666666666666667,0.5,2.5,1.0,0.039999999999999994,1.6,0.6923076923076922,0.24999999999999994,0.37499999999999994,0.41666666666666663
"frozenset({'mysql', 'linux'})","frozenset({'docker', 'spring', 'java'})",0.13333333333333333,0.2,0.06666666666666667,0.5,2.5,1.0,0.039999999999999994,1.6,0.6923076923076922,0.24999999999999994,0.37499999999999994,0.41666666666666663
"frozenset({'spring', 'redis', 'java', '微服务'})",frozenset({'docker'}),0.13333333333333333,0.2,0.06666666666666667,0.5,2.5,1.0,0.039999999999999994,1.6,0.6923076923076922,0.24999999999999994,0.37499999999999994,0.41666666666666663
"frozenset({'spring', 'redis', '微服务'})","frozenset({'docker', 'java'})",0.13333333333333333,0.2,0.06666666666666667,0.5,2.5,1.0,0.039999999999999994,1.6,0.6923076923076922,0.24999999999999994,0.37499999999999994,0.41666666666666663
"frozenset({'spring', 'redis', 'java', '微服务'})",frozenset({'kafka'}),0.13333333333333333,0.2,0.06666666666666667,0.5,2.5,1.0,0.039999999999999994,1.6,0.6923076923076922,0.24999999999999994,0.37499999999999994,0.41666666666666663
frozenset({'python'}),frozenset({'sql'}),0.4,0.16666666666666666,0.16666666666666666,0.41666666666666663,2.5,1.0,0.09999999999999999,1.4285714285714286,1.0,0.41666666666666663,0.29999999999999993,0.7083333333333333
frozenset({'python'}),frozenset({'数据分析'}),0.4,0.16666666666666666,0.16666666666666666,0.41666666666666663,2.5,1.0,0.09999999999999999,1.4285714285714286,1.0,0.41666666666666663,0.29999999999999993,0.7083333333333333
frozenset({'python'}),frozenset({'spark'}),0.4,0.13333333333333333,0.13333333333333333,0.3333333333333333,2.5,1.0,0.07999999999999999,1.2999999999999998,0.9999999999999998,0.3333333333333333,0.23076923076923075,0.6666666666666666
frozenset({'spring'}),frozenset({'linux'}),0.4,0.13333333333333333,0.13333333333333333,0.3333333333333333,2.5,1.0,0.07999999999999999,1.2999999999999998,0.9999999999999998,0.3333333333333333,0.23076923076923075,0.6666666666666666
frozenset({'python'}),frozenset({'numpy'}),0.4,0.13333333333333333,0.13333333333333333,0.3333333333333333,2.5,1.0,0.07999999999999999,1.2999999999999998,0.9999999999999998,0.3333333333333333,0.23076923076923075,0.6666666666666666
"frozenset({'spring', 'java'})","frozenset({'docker', 'mysql'})",0.4,0.13333333333333333,0.13333333333333333,0.3333333333333333,2.5,1.0,0.07999999999999999,1.2999999999999998,0.9999999999999998,0.3333333333333333,0.23076923076923075,0.6666666666666666
frozenset({'spring'}),"frozenset({'docker', 'mysql', 'java'})",0.4,0.13333333333333333,0.13333333333333333,0.3333333333333333,2.5,1.0,0.07999999999999999,1.2999999999999998,0.9999999999999998,0.3333333333333333,0.23076923076923075,0.6666666666666666
frozenset({'spring'}),"frozenset({'mysql', 'linux'})",0.4,0.13333333333333333,0.13333333333333333,0.3333333333333333,2.5,1.0,0.07999999999999999,1.2999999999999998,0.9999999999999998,0.3333333333333333,0.23076923076923075,0.6666666666666666
frozenset({'python'}),"frozenset({'spark', '机器学习'})",0.4,0.13333333333333333,0.13333333333333333,0.3333333333333333,2.5,1.0,0.07999999999999999,1.2999999999999998,0.9999999999999998,0.3333333333333333,0.23076923076923075,0.6666666666666666
frozenset({'spring'}),"frozenset({'docker', '微服务'})",0.4,0.13333333333333333,0.13333333333333333,0.3333333333333333,2.5,1.0,0.07999999999999999,1.2999999999999998,0.9999999999999998,0.3333333333333333,0.23076923076923075,0.6666666666666666
frozenset({'python'}),"frozenset({'hadoop', 'spark'})",0.4,0.13333333333333333,0.13333333333333333,0.3333333333333333,2.5,1.0,0.07999999999999999,1.2999999999999998,0.9999999999999998,0.3333333333333333,0.23076923076923075,0.6666666666666666
frozenset({'python'}),"frozenset({'hadoop', '机器学习'})",0.4,0.13333333333333333,0.13333333333333333,0.3333333333333333,2.5,1.0,0.07999999999999999,1.2999999999999998,0.9999999999999998,0.3333333333333333,0.23076923076923075,0.6666666666666666
"frozenset({'spring', 'java'})",frozenset({'linux'}),0.4,0.13333333333333333,0.13333333333333333,0.3333333333333333,2.5,1.0,0.07999999999999999,1.2999999999999998,0.9999999999999998,0.3333333333333333,0.23076923076923075,0.6666666666666666
frozenset({'spring'}),"frozenset({'java', 'linux'})",0.4,0.13333333333333333,0.13333333333333333,0.3333333333333333,2.5,1.0,0.07999999999999999,1.2999999999999998,0.9999999999999998,0.3333333333333333,0.23076923076923075,0.6666666666666666
frozenset({'python'}),frozenset({'hadoop'}),0.4,0.13333333333333333,0.13333333333333333,0.3333333333333333,2.5,1.0,0.07999999999999999,1.2999999999999998,0.9999999999999998,0.3333333333333333,0.23076923076923075,0.6666666666666666
frozenset({'spring'}),"frozenset({'docker', 'mysql'})",0.4,0.13333333333333333,0.13333333333333333,0.3333333333333333,2.5,1.0,0.07999999999999999,1.2999999999999998,0.9999999999999998,0.3333333333333333,0.23076923076923075,0.6666666666666666
frozenset({'python'}),"frozenset({'数据分析', 'sql'})",0.4,0.13333333333333333,0.13333333333333333,0.3333333333333333,2.5,1.0,0.07999999999999999,1.2999999999999998,0.9999999999999998,0.3333333333333333,0.23076923076923075,0.6666666666666666
"frozenset({'spring', 'java'})","frozenset({'mysql', 'linux'})",0.4,0.13333333333333333,0.13333333333333333,0.3333333333333333,2.5,1.0,0.07999999999999999,1.2999999999999998,0.9999999999999998,0.3333333333333333,0.23076923076923075,0.6666666666666666
frozenset({'spring'}),"frozenset({'mysql', 'java', 'linux'})",0.4,0.13333333333333333,0.13333333333333333,0.3333333333333333,2.5,1.0,0.07999999999999999,1.2999999999999998,0.9999999999999998,0.3333333333333333,0.23076923076923075,0.6666666666666666
"frozenset({'spring', 'java'})","frozenset({'docker', '微服务'})",0.4,0.13333333333333333,0.13333333333333333,0.3333333333333333,2.5,1.0,0.07999999999999999,1.2999999999999998,0.9999999999999998,0.3333333333333333,0.23076923076923075,0.6666666666666666
frozenset({'spring'}),"frozenset({'docker', 'java', '微服务'})",0.4,0.13333333333333333,0.13333333333333333,0.3333333333333333,2.5,1.0,0.07999999999999999,1.2999999999999998,0.9999999999999998,0.3333333333333333,0.23076923076923075,0.6666666666666666
frozenset({'python'}),"frozenset({'hadoop', 'spark', '机器学习'})",0.4,0.13333333333333333,0.13333333333333333,0.3333333333333333,2.5,1.0,0.07999999999999999,1.2999999999999998,0.9999999999999998,0.3333333333333333,0.23076923076923075,0.6666666666666666
frozenset({'docker'}),frozenset({'linux'}),0.2,0.13333333333333333,0.06666666666666667,0.3333333333333333,2.5,1.0,0.039999999999999994,1.2999999999999998,0.7499999999999999,0.24999999999999994,0.23076923076923075,0.41666666666666663
"frozenset({'docker', 'spring'})",frozenset({'linux'}),0.2,0.13333333333333333,0.06666666666666667,0.3333333333333333,2.5,1.0,0.039999999999999994,1.2999999999999998,0.7499999999999999,0.24999999999999994,0.23076923076923075,0.41666666666666663
frozenset({'docker'}),"frozenset({'spring', 'linux'})",0.2,0.13333333333333333,0.06666666666666667,0.3333333333333333,2.5,1.0,0.039999999999999994,1.2999999999999998,0.7499999999999999,0.24999999999999994,0.23076923076923075,0.41666666666666663
frozenset({'docker'}),"frozenset({'mysql', 'linux'})",0.2,0.13333333333333333,0.06666666666666667,0.3333333333333333,2.5,1.0,0.039999999999999994,1.2999999999999998,0.7499999999999999,0.24999999999999994,0.23076923076923075,0.41666666666666663
"frozenset({'docker', 'java'})",frozenset({'linux'}),0.2,0.13333333333333333,0.06666666666666667,0.3333333333333333,2.5,1.0,0.039999999999999994,1.2999999999999998,0.7499999999999999,0.24999999999999994,0.23076923076923075,0.41666666666666663
frozenset({'docker'}),"frozenset({'java', 'linux'})",0.2,0.13333333333333333,0.06666666666666667,0.3333333333333333,2.5,1.0,0.039999999999999994,1.2999999999999998,0.7499999999999999,0.24999999999999994,0.23076923076923075,0.41666666666666663
"frozenset({'docker', 'spring', 'java'})",frozenset({'linux'}),0.2,0.13333333333333333,0.06666666666666667,0.3333333333333333,2.5,1.0,0.039999999999999994,1.2999999999999998,0.7499999999999999,0.24999999999999994,0.23076923076923075,0.41666666666666663
"frozenset({'docker', 'spring'})","frozenset({'java', 'linux'})",0.2,0.13333333333333333,0.06666666666666667,0.3333333333333333,2.5,1.0,0.039999999999999994,1.2999999999999998,0.7499999999999999,0.24999999999999994,0.23076923076923075,0.41666666666666663
"frozenset({'docker', 'java'})","frozenset({'spring', 'linux'})",0.2,0.13333333333333333,0.06666666666666667,0.3333333333333333,2.5,1.0,0.039999999999999994,1.2999999999999998,0.7499999999999999,0.24999999999999994,0.23076923076923075,0.41666666666666663
frozenset({'docker'}),"frozenset({'spring', 'java', 'linux'})",0.2,0.13333333333333333,0.06666666666666667,0.3333333333333333,2.5,1.0,0.039999999999999994,1.2999999999999998,0.7499999999999999,0.24999999999999994,0.23076923076923075,0.41666666666666663
"frozenset({'docker', 'java'})","frozenset({'mysql', 'linux'})",0.2,0.13333333333333333,0.06666666666666667,0.3333333333333333,2.5,1.0,0.039999999999999994,1.2999999999999998,0.7499999999999999,0.24999999999999994,0.23076923076923075,0.41666666666666663
frozenset({'docker'}),"frozenset({'mysql', 'java', 'linux'})",0.2,0.13333333333333333,0.06666666666666667,0.3333333333333333,2.5,1.0,0.039999999999999994,1.2999999999999998,0.7499999999999999,0.24999999999999994,0.23076923076923075,0.41666666666666663
frozenset({'docker'}),"frozenset({'spring', 'redis', '微服务'})",0.2,0.13333333333333333,0.06666666666666667,0.3333333333333333,2.5,1.0,0.039999999999999994,1.2999999999999998,0.7499999999999999,0.24999999999999994,0.23076923076923075,0.41666666666666663
"frozenset({'docker', 'spring'})","frozenset({'mysql', 'linux'})",0.2,0.13333333333333333,0.06666666666666667,0.3333333333333333,2.5,1.0,0.039999999999999994,1.2999999999999998,0.7499999999999999,0.24999999999999994,0.23076923076923075,0.41666666666666663
frozenset({'docker'}),"frozenset({'spring', 'linux', 'mysql'})",0.2,0.13333333333333333,0.06666666666666667,0.3333333333333333,2.5,1.0,0.039999999999999994,1.2999999999999998,0.7499999999999999,0.24999999999999994,0.23076923076923075,0.41666666666666663
frozenset({'kafka'}),"frozenset({'spring', 'redis', '微服务'})",0.2,0.13333333333333333,0.06666666666666667,0.3333333333333333,2.5,1.0,0.039999999999999994,1.2999999999999998,0.7499999999999999,0.24999999999999994,0.23076923076923075,0.41666666666666663
"frozenset({'docker', 'spring', 'java'})","frozenset({'mysql', 'linux'})",0.2,0.13333333333333333,0.06666666666666667,0.3333333333333333,2.5,1.0,0.039999999999999994,1.2999999999999998,0.7499999999999999,0.24999999999999994,0.23076923076923075,0.41666666666666663
"frozenset({'docker', 'java'})","frozenset({'spring', 'linux', 'mysql'})",0.2,0.13333333333333333,0.06666666666666667,0.3333333333333333,2.5,1.0,0.039999999999999994,1.2999999999999998,0.7499999999999999,0.24999999999999994,0.23076923076923075,0.41666666666666663
"frozenset({'docker', 'spring'})","frozenset({'mysql', 'java', 'linux'})",0.2,0.13333333333333333,0.06666666666666667,0.3333333333333333,2.5,1.0,0.039999999999999994,1.2999999999999998,0.7499999999999999,0.24999999999999994,0.23076923076923075,0.41666666666666663
frozenset({'docker'}),"frozenset({'spring', 'java', 'linux', 'mysql'})",0.2,0.13333333333333333,0.06666666666666667,0.3333333333333333,2.5,1.0,0.039999999999999994,1.2999999999999998,0.7499999999999999,0.24999999999999994,0.23076923076923075,0.41666666666666663
"frozenset({'docker', 'java'})","frozenset({'spring', 'redis', '微服务'})",0.2,0.13333333333333333,0.06666666666666667,0.3333333333333333,2.5,1.0,0.039999999999999994,1.2999999999999998,0.7499999999999999,0.24999999999999994,0.23076923076923075,0.41666666666666663
frozenset({'docker'}),"frozenset({'spring', 'redis', 'java', '微服务'})",0.2,0.13333333333333333,0.06666666666666667,0.3333333333333333,2.5,1.0,0.039999999999999994,1.2999999999999998,0.7499999999999999,0.24999999999999994,0.23076923076923075,0.41666666666666663
frozenset({'kafka'}),"frozenset({'spring', 'redis', 'java', '微服务'})",0.2,0.13333333333333333,0.06666666666666667,0.3333333333333333,2.5,1.0,0.039999999999999994,1.2999999999999998,0.7499999999999999,0.24999999999999994,0.23076923076923075,0.41666666666666663
"frozenset({'spring', '微服务'})",frozenset({'redis'}),0.23333333333333334,0.23333333333333334,0.13333333333333333,0.5714285714285714,2.4489795918367343,1.0,0.07888888888888888,1.7888888888888885,0.7717391304347826,0.39999999999999997,0.4409937888198758,0.5714285714285714
frozenset({'redis'}),"frozenset({'spring', '微服务'})",0.23333333333333334,0.23333333333333334,0.13333333333333333,0.5714285714285714,2.4489795918367343,1.0,0.07888888888888888,1.7888888888888885,0.7717391304347826,0.39999999999999997,0.4409937888198758,0.5714285714285714
"frozenset({'spring', 'java', '微服务'})",frozenset({'redis'}),0.23333333333333334,0.23333333333333334,0.13333333333333333,0.5714285714285714,2.4489795918367343,1.0,0.07888888888888888,1.7888888888888885,0.7717391304347826,0.39999999999999997,0.4409937888198758,0.5714285714285714
"frozenset({'spring', '微服务'})","frozenset({'java', 'redis'})",0.23333333333333334,0.23333333333333334,0.13333333333333333,0.5714285714285714,2.4489795918367343,1.0,0.07888888888888888,1.7888888888888885,0.7717391304347826,0.39999999999999997,0.4409937888198758,0.5714285714285714
"frozenset({'java', 'redis'})","frozenset({'spring', '微服务'})",0.23333333333333334,0.23333333333333334,0.13333333333333333,0.5714285714285714,2.4489795918367343,1.0,0.07888888888888888,1.7888888888888885,0.7717391304347826,0.39999999999999997,0.4409937888198758,0.5714285714285714
frozenset({'redis'}),"frozenset({'spring', 'java', '微服务'})",0.23333333333333334,0.23333333333333334,0.13333333333333333,0.5714285714285714,2.4489795918367343,1.0,0.07888888888888888,1.7888888888888885,0.7717391304347826,0.39999999999999997,0.4409937888198758,0.5714285714285714
"frozenset({'redis', 'kafka'})",frozenset({'微服务'}),0.16666666666666666,0.26666666666666666,0.1,0.6000000000000001,2.2500000000000004,1.0,0.055555555555555566,1.833333333333334,0.6666666666666667,0.3,0.45454545454545464,0.48750000000000004
"frozenset({'java', 'kafka'})",frozenset({'微服务'}),0.16666666666666666,0.26666666666666666,0.1,0.6000000000000001,2.2500000000000004,1.0,0.055555555555555566,1.833333333333334,0.6666666666666667,0.3,0.45454545454545464,0.48750000000000004
"frozenset({'分布式', 'kafka'})",frozenset({'微服务'}),0.16666666666666666,0.26666666666666666,0.1,0.6000000000000001,2.2500000000000004,1.0,0.055555555555555566,1.833333333333334,0.6666666666666667,0.3,0.45454545454545464,0.48750000000000004
frozenset({'分布式'}),frozenset({'微服务'}),0.16666666666666666,0.26666666666666666,0.1,0.6000000000000001,2.2500000000000004,1.0,0.055555555555555566,1.833333333333334,0.6666666666666667,0.3,0.45454545454545464,0.48750000000000004
"frozenset({'分布式', 'java'})",frozenset({'微服务'}),0.16666666666666666,0.26666666666666666,0.1,0.6000000000000001,2.2500000000000004,1.0,0.055555555555555566,1.833333333333334,0.6666666666666667,0.3,0.45454545454545464,0.48750000000000004
frozenset({'分布式'}),"frozenset({'java', '微服务'})",0.16666666666666666,0.26666666666666666,0.1,0.6000000000000001,2.2500000000000004,1.0,0.055555555555555566,1.833333333333334,0.6666666666666667,0.3,0.45454545454545464,0.48750000000000004
"frozenset({'分布式', 'redis'})",frozenset({'微服务'}),0.16666666666666666,0.26666666666666666,0.1,0.6000000000000001,2.2500000000000004,1.0,0.055555555555555566,1.833333333333334,0.6666666666666667,0.3,0.45454545454545464,0.48750000000000004
"frozenset({'分布式', 'java', 'kafka'})",frozenset({'微服务'}),0.16666666666666666,0.26666666666666666,0.1,0.6000000000000001,2.2500000000000004,1.0,0.055555555555555566,1.833333333333334,0.6666666666666667,0.3,0.45454545454545464,0.48750000000000004
"frozenset({'分布式', 'kafka'})","frozenset({'java', '微服务'})",0.16666666666666666,0.26666666666666666,0.1,0.6000000000000001,2.2500000000000004,1.0,0.055555555555555566,1.833333333333334,0.6666666666666667,0.3,0.45454545454545464,0.48750000000000004
"frozenset({'java', 'redis', 'kafka'})",frozenset({'微服务'}),0.16666666666666666,0.26666666666666666,0.1,0.6000000000000001,2.2500000000000004,1.0,0.055555555555555566,1.833333333333334,0.6666666666666667,0.3,0.45454545454545464,0.48750000000000004
"frozenset({'redis', 'kafka'})","frozenset({'java', '微服务'})",0.16666666666666666,0.26666666666666666,0.1,0.6000000000000001,2.2500000000000004,1.0,0.055555555555555566,1.833333333333334,0.6666666666666667,0.3,0.45454545454545464,0.48750000000000004
"frozenset({'分布式', 'redis', 'kafka'})",frozenset({'微服务'}),0.16666666666666666,0.26666666666666666,0.1,0.6000000000000001,2.2500000000000004,1.0,0.055555555555555566,1.833333333333334,0.6666666666666667,0.3,0.45454545454545464,0.48750000000000004
"frozenset({'分布式', 'java', 'redis', 'kafka'})",frozenset({'微服务'}),0.16666666666666666,0.26666666666666666,0.1,0.6000000000000001,2.2500000000000004,1.0,0.055555555555555566,1.833333333333334,0.6666666666666667,0.3,0.45454545454545464,0.48750000000000004
"frozenset({'分布式', 'redis', 'kafka'})","frozenset({'java', '微服务'})",0.16666666666666666,0.26666666666666666,0.1,0.6000000000000001,2.2500000000000004,1.0,0.055555555555555566,1.833333333333334,0.6666666666666667,0.3,0.45454545454545464,0.48750000000000004
"frozenset({'分布式', 'java', 'redis'})",frozenset({'微服务'}),0.16666666666666666,0.26666666666666666,0.1,0.6000000000000001,2.2500000000000004,1.0,0.055555555555555566,1.833333333333334,0.6666666666666667,0.3,0.45454545454545464,0.48750000000000004
"frozenset({'分布式', 'redis'})","frozenset({'java', '微服务'})",0.16666666666666666,0.26666666666666666,0.1,0.6000000000000001,2.2500000000000004,1.0,0.055555555555555566,1.833333333333334,0.6666666666666667,0.3,0.45454545454545464,0.48750000000000004
frozenset({'微服务'}),"frozenset({'redis', 'kafka'})",0.26666666666666666,0.16666666666666666,0.1,0.375,2.25,1.0,0.055555555555555566,1.3333333333333335,0.7575757575757576,0.3,0.25,0.48750000000000004
frozenset({'微服务'}),"frozenset({'java', 'kafka'})",0.26666666666666666,0.16666666666666666,0.1,0.375,2.25,1.0,0.055555555555555566,1.3333333333333335,0.7575757575757576,0.3,0.25,0.48750000000000004
frozenset({'微服务'}),"frozenset({'分布式', 'kafka'})",0.26666666666666666,0.16666666666666666,0.1,0.375,2.25,1.0,0.055555555555555566,1.3333333333333335,0.7575757575757576,0.3,0.25,0.48750000000000004
frozenset({'微服务'}),frozenset({'分布式'}),0.26666666666666666,0.16666666666666666,0.1,0.375,2.25,1.0,0.055555555555555566,1.3333333333333335,0.7575757575757576,0.3,0.25,0.48750000000000004
"frozenset({'java', '微服务'})",frozenset({'分布式'}),0.26666666666666666,0.16666666666666666,0.1,0.375,2.25,1.0,0.055555555555555566,1.3333333333333335,0.7575757575757576,0.3,0.25,0.48750000000000004
frozenset({'微服务'}),"frozenset({'分布式', 'java'})",0.26666666666666666,0.16666666666666666,0.1,0.375,2.25,1.0,0.055555555555555566,1.3333333333333335,0.7575757575757576,0.3,0.25,0.48750000000000004
frozenset({'微服务'}),"frozenset({'分布式', 'redis'})",0.26666666666666666,0.16666666666666666,0.1,0.375,2.25,1.0,0.055555555555555566,1.3333333333333335,0.7575757575757576,0.3,0.25,0.48750000000000004
"frozenset({'java', '微服务'})","frozenset({'分布式', 'kafka'})",0.26666666666666666,0.16666666666666666,0.1,0.375,2.25,1.0,0.055555555555555566,1.3333333333333335,0.7575757575757576,0.3,0.25,0.48750000000000004
frozenset({'微服务'}),"frozenset({'分布式', 'java', 'kafka'})",0.26666666666666666,0.16666666666666666,0.1,0.375,2.25,1.0,0.055555555555555566,1.3333333333333335,0.7575757575757576,0.3,0.25,0.48750000000000004
"frozenset({'java', '微服务'})","frozenset({'redis', 'kafka'})",0.26666666666666666,0.16666666666666666,0.1,0.375,2.25,1.0,0.055555555555555566,1.3333333333333335,0.7575757575757576,0.3,0.25,0.48750000000000004
frozenset({'微服务'}),"frozenset({'java', 'redis', 'kafka'})",0.26666666666666666,0.16666666666666666,0.1,0.375,2.25,1.0,0.055555555555555566,1.3333333333333335,0.7575757575757576,0.3,0.25,0.48750000000000004
frozenset({'微服务'}),"frozenset({'分布式', 'redis', 'kafka'})",0.26666666666666666,0.16666666666666666,0.1,0.375,2.25,1.0,0.055555555555555566,1.3333333333333335,0.7575757575757576,0.3,0.25,0.48750000000000004
"frozenset({'java', '微服务'})","frozenset({'分布式', 'redis', 'kafka'})",0.26666666666666666,0.16666666666666666,0.1,0.375,2.25,1.0,0.055555555555555566,1.3333333333333335,0.7575757575757576,0.3,0.25,0.48750000000000004
frozenset({'微服务'}),"frozenset({'分布式', 'java', 'redis', 'kafka'})",0.26666666666666666,0.16666666666666666,0.1,0.375,2.25,1.0,0.055555555555555566,1.3333333333333335,0.7575757575757576,0.3,0.25,0.48750000000000004
"frozenset({'java', '微服务'})","frozenset({'分布式', 'redis'})",0.26666666666666666,0.16666666666666666,0.1,0.375,2.25,1.0,0.055555555555555566,1.3333333333333335,0.7575757575757576,0.3,0.25,0.48750000000000004
frozenset({'微服务'}),"frozenset({'分布式', 'java', 'redis'})",0.26666666666666666,0.16666666666666666,0.1,0.375,2.25,1.0,0.055555555555555566,1.3333333333333335,0.7575757575757576,0.3,0.25,0.48750000000000004
frozenset({'mysql'}),frozenset({'spring'}),0.26666666666666666,0.4,0.23333333333333334,0.875,2.1875,1.0,0.12666666666666665,4.8,0.7402597402597401,0.5384615384615384,0.7916666666666666,0.7291666666666666
frozenset({'微服务'}),frozenset({'spring'}),0.26666666666666666,0.4,0.23333333333333334,0.875,2.1875,1.0,0.12666666666666665,4.8,0.7402597402597401,0.5384615384615384,0.7916666666666666,0.7291666666666666
"frozenset({'mysql', 'java'})",frozenset({'spring'}),0.26666666666666666,0.4,0.23333333333333334,0.875,2.1875,1.0,0.12666666666666665,4.8,0.7402597402597401,0.5384615384615384,0.7916666666666666,0.7291666666666666
frozenset({'mysql'}),"frozenset({'spring', 'java'})",0.26666666666666666,0.4,0.23333333333333334,0.875,2.1875,1.0,0.12666666666666665,4.8,0.7402597402597401,0.5384615384615384,0.7916666666666666,0.7291666666666666
"frozenset({'java', '微服务'})",frozenset({'spring'}),0.26666666666666666,0.4,0.23333333333333334,0.875,2.1875,1.0,0.12666666666666665,4.8,0.7402597402597401,0.5384615384615384,0.7916666666666666,0.7291666666666666
frozenset({'微服务'}),"frozenset({'spring', 'java'})",0.26666666666666666,0.4,0.23333333333333334,0.875,2.1875,1.0,0.12666666666666665,4.8,0.7402597402597401,0.5384615384615384,0.7916666666666666,0.7291666666666666
frozenset({'spring'}),frozenset({'mysql'}),0.4,0.26666666666666666,0.23333333333333334,0.5833333333333333,2.1874999999999996,1.0,0.12666666666666665,1.7599999999999998,0.9047619047619048,0.5384615384615384,0.4318181818181817,0.7291666666666666
frozenset({'spring'}),frozenset({'微服务'}),0.4,0.26666666666666666,0.23333333333333334,0.5833333333333333,2.1874999999999996,1.0,0.12666666666666665,1.7599999999999998,0.9047619047619048,0.5384615384615384,0.4318181818181817,0.7291666666666666
"frozenset({'spring', 'java'})",frozenset({'mysql'}),0.4,0.26666666666666666,0.23333333333333334,0.5833333333333333,2.1874999999999996,1.0,0.12666666666666665,1.7599999999999998,0.9047619047619048,0.5384615384615384,0.4318181818181817,0.7291666666666666
frozenset({'spring'}),"frozenset({'mysql', 'java'})",0.4,0.26666666666666666,0.23333333333333334,0.5833333333333333,2.1874999999999996,1.0,0.12666666666666665,1.7599999999999998,0.9047619047619048,0.5384615384615384,0.4318181818181817,0.7291666666666666
"frozenset({'spring', 'java'})",frozenset({'微服务'}),0.4,0.26666666666666666,0.23333333333333334,0.5833333333333333,2.1874999999999996,1.0,0.12666666666666665,1.7599999999999998,0.9047619047619048,0.5384615384615384,0.4318181818181817,0.7291666666666666
frozenset({'spring'}),"frozenset({'java', '微服务'})",0.4,0.26666666666666666,0.23333333333333334,0.5833333333333333,2.1874999999999996,1.0,0.12666666666666665,1.7599999999999998,0.9047619047619048,0.5384615384615384,0.4318181818181817,0.7291666666666666
frozenset({'spring'}),frozenset({'java'}),0.4,0.4666666666666667,0.4,1.0,2.142857142857143,1.0,0.21333333333333335,inf,0.888888888888889,0.8571428571428572,1.0,0.9285714285714286
frozenset({'mysql'}),frozenset({'java'}),0.26666666666666666,0.4666666666666667,0.26666666666666666,1.0,2.142857142857143,1.0,0.14222222222222222,inf,0.7272727272727272,0.5714285714285714,1.0,0.7857142857142857
frozenset({'微服务'}),frozenset({'java'}),0.26666666666666666,0.4666666666666667,0.26666666666666666,1.0,2.142857142857143,1.0,0.14222222222222222,inf,0.7272727272727272,0.5714285714285714,1.0,0.7857142857142857
frozenset({'redis'}),frozenset({'java'}),0.23333333333333334,0.4666666666666667,0.23333333333333334,1.0,2.142857142857143,1.0,0.12444444444444444,inf,0.6956521739130435,0.5000000000000001,1.0,0.75
"frozenset({'spring', 'mysql'})",frozenset({'java'}),0.23333333333333334,0.4666666666666667,0.23333333333333334,1.0,2.142857142857143,1.0,0.12444444444444444,inf,0.6956521739130435,0.5000000000000001,1.0,0.75
"frozenset({'spring', '微服务'})",frozenset({'java'}),0.23333333333333334,0.4666666666666667,0.23333333333333334,1.0,2.142857142857143,1.0,0.12444444444444444,inf,0.6956521739130435,0.5000000000000001,1.0,0.75
frozenset({'docker'}),frozenset({'java'}),0.2,0.4666666666666667,0.2,1.0,2.142857142857143,1.0,0.10666666666666667,inf,0.6666666666666666,0.42857142857142855,1.0,0.7142857142857143
"frozenset({'docker', 'spring'})",frozenset({'java'}),0.2,0.4666666666666667,0.2,1.0,2.142857142857143,1.0,0.10666666666666667,inf,0.6666666666666666,0.42857142857142855,1.0,0.7142857142857143
frozenset({'分布式'}),frozenset({'java'}),0.16666666666666666,0.4666666666666667,0.16666666666666666,1.0,2.142857142857143,1.0,0.08888888888888888,inf,0.6399999999999999,0.3571428571428571,1.0,0.6785714285714286
"frozenset({'分布式', 'redis'})",frozenset({'java'}),0.16666666666666666,0.4666666666666667,0.16666666666666666,1.0,2.142857142857143,1.0,0.08888888888888888,inf,0.6399999999999999,0.3571428571428571,1.0,0.6785714285714286
"frozenset({'分布式', 'kafka'})",frozenset({'java'}),0.16666666666666666,0.4666666666666667,0.16666666666666666,1.0,2.142857142857143,1.0,0.08888888888888888,inf,0.6399999999999999,0.3571428571428571,1.0,0.6785714285714286
"frozenset({'分布式', 'redis', 'kafka'})",frozenset({'java'}),0.16666666666666666,0.4666666666666667,0.16666666666666666,1.0,2.142857142857143,1.0,0.08888888888888888,inf,0.6399999999999999,0.3571428571428571,1.0,0.6785714285714286
"frozenset({'redis', 'kafka'})",frozenset({'java'}),0.16666666666666666,0.4666666666666667,0.16666666666666666,1.0,2.142857142857143,1.0,0.08888888888888888,inf,0.6399999999999999,0.3571428571428571,1.0,0.6785714285714286
"frozenset({'spring', 'redis'})",frozenset({'java'}),0.16666666666666666,0.4666666666666667,0.16666666666666666,1.0,2.142857142857143,1.0,0.08888888888888888,inf,0.6399999999999999,0.3571428571428571,1.0,0.6785714285714286
"frozenset({'redis', '微服务'})",frozenset({'java'}),0.16666666666666666,0.4666666666666667,0.16666666666666666,1.0,2.142857142857143,1.0,0.08888888888888888,inf,0.6399999999999999,0.3571428571428571,1.0,0.6785714285714286
frozenset({'linux'}),frozenset({'java'}),0.13333333333333333,0.4666666666666667,0.13333333333333333,1.0,2.142857142857143,1.0,0.07111111111111111,inf,0.6153846153846153,0.2857142857142857,1.0,0.6428571428571428
"frozenset({'docker', 'spring', 'mysql'})",frozenset({'java'}),0.13333333333333333,0.4666666666666667,0.13333333333333333,1.0,2.142857142857143,1.0,0.07111111111111111,inf,0.6153846153846153,0.2857142857142857,1.0,0.6428571428571428
"frozenset({'mysql', 'linux'})",frozenset({'java'}),0.13333333333333333,0.4666666666666667,0.13333333333333333,1.0,2.142857142857143,1.0,0.07111111111111111,inf,0.6153846153846153,0.2857142857142857,1.0,0.6428571428571428
"frozenset({'docker', '微服务'})",frozenset({'java'}),0.13333333333333333,0.4666666666666667,0.13333333333333333,1.0,2.142857142857143,1.0,0.07111111111111111,inf,0.6153846153846153,0.2857142857142857,1.0,0.6428571428571428
"frozenset({'docker', 'mysql'})",frozenset({'java'}),0.13333333333333333,0.4666666666666667,0.13333333333333333,1.0,2.142857142857143,1.0,0.07111111111111111,inf,0.6153846153846153,0.2857142857142857,1.0,0.6428571428571428
"frozenset({'spring', 'linux'})",frozenset({'java'}),0.13333333333333333,0.4666666666666667,0.13333333333333333,1.0,2.142857142857143,1.0,0.07111111111111111,inf,0.6153846153846153,0.2857142857142857,1.0,0.6428571428571428
"frozenset({'spring', 'redis', '微服务'})",frozenset({'java'}),0.13333333333333333,0.4666666666666667,0.13333333333333333,1.0,2.142857142857143,1.0,0.07111111111111111,inf,0.6153846153846153,0.2857142857142857,1.0,0.6428571428571428
"frozenset({'spring', 'linux', 'mysql'})",frozenset({'java'}),0.13333333333333333,0.4666666666666667,0.13333333333333333,1.0,2.142857142857143,1.0,0.07111111111111111,inf,0.6153846153846153,0.2857142857142857,1.0,0.6428571428571428
"frozenset({'docker', 'spring', '微服务'})",frozenset({'java'}),0.13333333333333333,0.4666666666666667,0.13333333333333333,1.0,2.142857142857143,1.0,0.07111111111111111,inf,0.6153846153846153,0.2857142857142857,1.0,0.6428571428571428
"frozenset({'微服务', 'kafka'})",frozenset({'java'}),0.1,0.4666666666666667,0.1,1.0,2.142857142857143,1.0,0.05333333333333334,inf,0.5925925925925926,0.2142857142857143,1.0,0.6071428571428572
frozenset({'mybatis'}),frozenset({'java'}),0.1,0.4666666666666667,0.1,1.0,2.142857142857143,1.0,0.05333333333333334,inf,0.5925925925925926,0.2142857142857143,1.0,0.6071428571428572
"frozenset({'分布式', '微服务'})",frozenset({'java'}),0.1,0.4666666666666667,0.1,1.0,2.142857142857143,1.0,0.05333333333333334,inf,0.5925925925925926,0.2142857142857143,1.0,0.6071428571428572
"frozenset({'分布式', '微服务', 'kafka'})",frozenset({'java'}),0.1,0.4666666666666667,0.1,1.0,2.142857142857143,1.0,0.05333333333333334,inf,0.5925925925925926,0.2142857142857143,1.0,0.6071428571428572
"frozenset({'spring', 'redis', 'kafka'})",frozenset({'java'}),0.1,0.4666666666666667,0.1,1.0,2.142857142857143,1.0,0.05333333333333334,inf,0.5925925925925926,0.2142857142857143,1.0,0.6071428571428572
"frozenset({'redis', '微服务', 'kafka'})",frozenset({'java'}),0.1,0.4666666666666667,0.1,1.0,2.142857142857143,1.0,0.05333333333333334,inf,0.5925925925925926,0.2142857142857143,1.0,0.6071428571428572
"frozenset({'spring', '分布式', 'kafka'})",frozenset({'java'}),0.1,0.4666666666666667,0.1,1.0,2.142857142857143,1.0,0.05333333333333334,inf,0.5925925925925926,0.2142857142857143,1.0,0.6071428571428572
"frozenset({'spring', '分布式'})",frozenset({'java'}),0.1,0.4666666666666667,0.1,1.0,2.142857142857143,1.0,0.05333333333333334,inf,0.5925925925925926,0.2142857142857143,1.0,0.6071428571428572
"frozenset({'spring', '分布式', 'redis', 'kafka'})",frozenset({'java'}),0.1,0.4666666666666667,0.1,1.0,2.142857142857143,1.0,0.05333333333333334,inf,0.5925925925925926,0.2142857142857143,1.0,0.6071428571428572
"frozenset({'分布式', 'redis', '微服务', 'kafka'})",frozenset({'java'}),0.1,0.4666666666666667,0.1,1.0,2.142857142857143,1.0,0.05333333333333334,inf,0.5925925925925926,0.2142857142857143,1.0,0.6071428571428572
"frozenset({'spring', '微服务', 'mysql'})",frozenset({'java'}),0.1,0.4666666666666667,0.1,1.0,2.142857142857143,1.0,0.05333333333333334,inf,0.5925925925925926,0.2142857142857143,1.0,0.6071428571428572
"frozenset({'spring', '分布式', 'redis'})",frozenset({'java'}),0.1,0.4666666666666667,0.1,1.0,2.142857142857143,1.0,0.05333333333333334,inf,0.5925925925925926,0.2142857142857143,1.0,0.6071428571428572
"frozenset({'分布式', 'redis', '微服务'})",frozenset({'java'}),0.1,0.4666666666666667,0.1,1.0,2.142857142857143,1.0,0.05333333333333334,inf,0.5925925925925926,0.2142857142857143,1.0,0.6071428571428572
"frozenset({'mysql', 'mybatis'})",frozenset({'java'}),0.1,0.4666666666666667,0.1,1.0,2.142857142857143,1.0,0.05333333333333334,inf,0.5925925925925926,0.2142857142857143,1.0,0.6071428571428572
"frozenset({'spring', 'mybatis', 'mysql'})",frozenset({'java'}),0.1,0.4666666666666667,0.1,1.0,2.142857142857143,1.0,0.05333333333333334,inf,0.5925925925925926,0.2142857142857143,1.0,0.6071428571428572
"frozenset({'spring', 'kafka'})",frozenset({'java'}),0.1,0.4666666666666667,0.1,1.0,2.142857142857143,1.0,0.05333333333333334,inf,0.5925925925925926,0.2142857142857143,1.0,0.6071428571428572
"frozenset({'spring', 'mybatis'})",frozenset({'java'}),0.1,0.4666666666666667,0.1,1.0,2.142857142857143,1.0,0.05333333333333334,inf,0.5925925925925926,0.2142857142857143,1.0,0.6071428571428572
"frozenset({'mysql', '微服务'})",frozenset({'java'}),0.1,0.4666666666666667,0.1,1.0,2.142857142857143,1.0,0.05333333333333334,inf,0.5925925925925926,0.2142857142857143,1.0,0.6071428571428572
frozenset({'k8s'}),frozenset({'java'}),0.06666666666666667,0.4666666666666667,0.06666666666666667,1.0,2.142857142857143,1.0,0.035555555555555556,inf,0.5714285714285714,0.14285714285714285,1.0,0.5714285714285714
"frozenset({'linux', 'mybatis'})",frozenset({'java'}),0.06666666666666667,0.4666666666666667,0.06666666666666667,1.0,2.142857142857143,1.0,0.035555555555555556,inf,0.5714285714285714,0.14285714285714285,1.0,0.5714285714285714
"frozenset({'微服务', 'k8s'})",frozenset({'java'}),0.06666666666666667,0.4666666666666667,0.06666666666666667,1.0,2.142857142857143,1.0,0.035555555555555556,inf,0.5714285714285714,0.14285714285714285,1.0,0.5714285714285714
"frozenset({'spring', 'k8s'})",frozenset({'java'}),0.06666666666666667,0.4666666666666667,0.06666666666666667,1.0,2.142857142857143,1.0,0.035555555555555556,inf,0.5714285714285714,0.14285714285714285,1.0,0.5714285714285714
"frozenset({'mysql', 'redis'})",frozenset({'java'}),0.06666666666666667,0.4666666666666667,0.06666666666666667,1.0,2.142857142857143,1.0,0.035555555555555556,inf,0.5714285714285714,0.14285714285714285,1.0,0.5714285714285714
"frozenset({'docker', 'k8s'})",frozenset({'java'}),0.06666666666666667,0.4666666666666667,0.06666666666666667,1.0,2.142857142857143,1.0,0.035555555555555556,inf,0.5714285714285714,0.14285714285714285,1.0,0.5714285714285714
"frozenset({'docker', 'redis'})",frozenset({'java'}),0.06666666666666667,0.4666666666666667,0.06666666666666667,1.0,2.142857142857143,1.0,0.035555555555555556,inf,0.5714285714285714,0.14285714285714285,1.0,0.5714285714285714
"frozenset({'docker', 'linux'})",frozenset({'java'}),0.06666666666666667,0.4666666666666667,0.06666666666666667,1.0,2.142857142857143,1.0,0.035555555555555556,inf,0.5714285714285714,0.14285714285714285,1.0,0.5714285714285714
"frozenset({'docker', 'spring', 'linux'})",frozenset({'java'}),0.06666666666666667,0.4666666666666667,0.06666666666666667,1.0,2.142857142857143,1.0,0.035555555555555556,inf,0.5714285714285714,0.14285714285714285,1.0,0.5714285714285714
"frozenset({'docker', 'mysql', 'linux'})",frozenset({'java'}),0.06666666666666667,0.4666666666666667,0.06666666666666667,1.0,2.142857142857143,1.0,0.035555555555555556,inf,0.5714285714285714,0.14285714285714285,1.0,0.5714285714285714
"frozenset({'docker', '微服务', 'k8s'})",frozenset({'java'}),0.06666666666666667,0.4666666666666667,0.06666666666666667,1.0,2.142857142857143,1.0,0.035555555555555556,inf,0.5714285714285714,0.14285714285714285,1.0,0.5714285714285714
"frozenset({'docker', 'spring', 'k8s'})",frozenset({'java'}),0.06666666666666667,0.4666666666666667,0.06666666666666667,1.0,2.142857142857143,1.0,0.035555555555555556,inf,0.5714285714285714,0.14285714285714285,1.0,0.5714285714285714
"frozenset({'spring', '微服务', 'kafka'})",frozenset({'java'}),0.06666666666666667,0.4666666666666667,0.06666666666666667,1.0,2.142857142857143,1.0,0.035555555555555556,inf,0.5714285714285714,0.14285714285714285,1.0,0.5714285714285714
"frozenset({'spring', '微服务', 'k8s'})",frozenset({'java'}),0.06666666666666667,0.4666666666666667,0.06666666666666667,1.0,2.142857142857143,1.0,0.035555555555555556,inf,0.5714285714285714,0.14285714285714285,1.0,0.5714285714285714
"frozenset({'docker', 'mysql', '微服务'})",frozenset({'java'}),0.06666666666666667,0.4666666666666667,0.06666666666666667,1.0,2.142857142857143,1.0,0.035555555555555556,inf,0.5714285714285714,0.14285714285714285,1.0,0.5714285714285714
"frozenset({'docker', 'redis', '微服务'})",frozenset({'java'}),0.06666666666666667,0.4666666666666667,0.06666666666666667,1.0,2.142857142857143,1.0,0.035555555555555556,inf,0.5714285714285714,0.14285714285714285,1.0,0.5714285714285714
"frozenset({'docker', 'spring', 'redis'})",frozenset({'java'}),0.06666666666666667,0.4666666666666667,0.06666666666666667,1.0,2.142857142857143,1.0,0.035555555555555556,inf,0.5714285714285714,0.14285714285714285,1.0,0.5714285714285714
"frozenset({'spring', 'linux', 'mybatis'})",frozenset({'java'}),0.06666666666666667,0.4666666666666667,0.06666666666666667,1.0,2.142857142857143,1.0,0.035555555555555556,inf,0.5714285714285714,0.14285714285714285,1.0,0.5714285714285714
"frozenset({'mysql', 'linux', 'mybatis'})",frozenset({'java'}),0.06666666666666667,0.4666666666666667,0.06666666666666667,1.0,2.142857142857143,1.0,0.035555555555555556,inf,0.5714285714285714,0.14285714285714285,1.0,0.5714285714285714
"frozenset({'spring', '分布式', '微服务'})",frozenset({'java'}),0.06666666666666667,0.4666666666666667,0.06666666666666667,1.0,2.142857142857143,1.0,0.035555555555555556,inf,0.5714285714285714,0.14285714285714285,1.0,0.5714285714285714
"frozenset({'docker', 'spring', '微服务', 'k8s'})",frozenset({'java'}),0.06666666666666667,0.4666666666666667,0.06666666666666667,1.0,2.142857142857143,1.0,0.035555555555555556,inf,0.5714285714285714,0.14285714285714285,1.0,0.5714285714285714
"frozenset({'docker', 'spring', 'linux', 'mysql'})",frozenset({'java'}),0.06666666666666667,0.4666666666666667,0.06666666666666667,1.0,2.142857142857143,1.0,0.035555555555555556,inf,0.5714285714285714,0.14285714285714285,1.0,0.5714285714285714
"frozenset({'docker', 'spring', 'redis', '微服务'})",frozenset({'java'}),0.06666666666666667,0.4666666666666667,0.06666666666666667,1.0,2.142857142857143,1.0,0.035555555555555556,inf,0.5714285714285714,0.14285714285714285,1.0,0.5714285714285714
"frozenset({'docker', 'spring', '微服务', 'mysql'})",frozenset({'java'}),0.06666666666666667,0.4666666666666667,0.06666666666666667,1.0,2.142857142857143,1.0,0.035555555555555556,inf,0.5714285714285714,0.14285714285714285,1.0,0.5714285714285714
"frozenset({'spring', 'redis', '微服务', 'kafka'})",frozenset({'java'}),0.06666666666666667,0.4666666666666667,0.06666666666666667,1.0,2.142857142857143,1.0,0.035555555555555556,inf,0.5714285714285714,0.14285714285714285,1.0,0.5714285714285714
"frozenset({'spring', '分布式', '微服务', 'kafka'})",frozenset({'java'}),0.06666666666666667,0.4666666666666667,0.06666666666666667,1.0,2.142857142857143,1.0,0.035555555555555556,inf,0.5714285714285714,0.14285714285714285,1.0,0.5714285714285714
"frozenset({'spring', 'linux', 'mybatis', 'mysql'})",frozenset({'java'}),0.06666666666666667,0.4666666666666667,0.06666666666666667,1.0,2.142857142857143,1.0,0.035555555555555556,inf,0.5714285714285714,0.14285714285714285,1.0,0.5714285714285714
"frozenset({'spring', '分布式', 'redis', '微服务'})",frozenset({'java'}),0.06666666666666667,0.4666666666666667,0.06666666666666667,1.0,2.142857142857143,1.0,0.035555555555555556,inf,0.5714285714285714,0.14285714285714285,1.0,0.5714285714285714
"frozenset({'kafka', 'spring', '分布式', '微服务', 'redis'})",frozenset({'java'}),0.06666666666666667,0.4666666666666667,0.06666666666666667,1.0,2.142857142857143,1.0,0.035555555555555556,inf,0.5714285714285714,0.14285714285714285,1.0,0.5714285714285714
frozenset({'java'}),frozenset({'spring'}),0.4666666666666667,0.4,0.4,0.8571428571428572,2.142857142857143,1.0,0.21333333333333335,4.200000000000002,1.0,0.8571428571428572,0.761904761904762,0.9285714285714286
frozenset({'java'}),frozenset({'mysql'}),0.4666666666666667,0.26666666666666666,0.26666666666666666,0.5714285714285714,2.142857142857143,1.0,0.14222222222222222,1.711111111111111,1.0,0.5714285714285714,0.4155844155844155,0.7857142857142857
frozenset({'java'}),frozenset({'微服务'}),0.4666666666666667,0.26666666666666666,0.26666666666666666,0.5714285714285714,2.142857142857143,1.0,0.14222222222222222,1.711111111111111,1.0,0.5714285714285714,0.4155844155844155,0.7857142857142857
frozenset({'java'}),frozenset({'redis'}),0.4666666666666667,0.23333333333333334,0.23333333333333334,0.5,2.142857142857143,1.0,0.12444444444444444,1.5333333333333332,1.0,0.5000000000000001,0.3478260869565218,0.75
frozenset({'java'}),"frozenset({'spring', 'mysql'})",0.4666666666666667,0.23333333333333334,0.23333333333333334,0.5,2.142857142857143,1.0,0.12444444444444444,1.5333333333333332,1.0,0.5000000000000001,0.3478260869565218,0.75
frozenset({'java'}),"frozenset({'spring', '微服务'})",0.4666666666666667,0.23333333333333334,0.23333333333333334,0.5,2.142857142857143,1.0,0.12444444444444444,1.5333333333333332,1.0,0.5000000000000001,0.3478260869565218,0.75
"frozenset({'docker', '微服务'})",frozenset({'redis'}),0.13333333333333333,0.23333333333333334,0.06666666666666667,0.5,2.142857142857143,1.0,0.035555555555555556,1.5333333333333332,0.6153846153846153,0.22222222222222218,0.3478260869565218,0.39285714285714285
"frozenset({'docker', 'spring', '微服务'})",frozenset({'redis'}),0.13333333333333333,0.23333333333333334,0.06666666666666667,0.5,2.142857142857143,1.0,0.035555555555555556,1.5333333333333332,0.6153846153846153,0.22222222222222218,0.3478260869565218,0.39285714285714285
"frozenset({'docker', 'java', '微服务'})",frozenset({'redis'}),0.13333333333333333,0.23333333333333334,0.06666666666666667,0.5,2.142857142857143,1.0,0.035555555555555556,1.5333333333333332,0.6153846153846153,0.22222222222222218,0.3478260869565218,0.39285714285714285
"frozenset({'docker', '微服务'})","frozenset({'java', 'redis'})",0.13333333333333333,0.23333333333333334,0.06666666666666667,0.5,2.142857142857143,1.0,0.035555555555555556,1.5333333333333332,0.6153846153846153,0.22222222222222218,0.3478260869565218,0.39285714285714285
"frozenset({'docker', '微服务'})","frozenset({'spring', 'mysql'})",0.13333333333333333,0.23333333333333334,0.06666666666666667,0.5,2.142857142857143,1.0,0.035555555555555556,1.5333333333333332,0.6153846153846153,0.22222222222222218,0.3478260869565218,0.39285714285714285
"frozenset({'docker', 'mysql'})","frozenset({'spring', '微服务'})",0.13333333333333333,0.23333333333333334,0.06666666666666667,0.5,2.142857142857143,1.0,0.035555555555555556,1.5333333333333332,0.6153846153846153,0.22222222222222218,0.3478260869565218,0.39285714285714285
"frozenset({'docker', 'spring', 'java', '微服务'})",frozenset({'redis'}),0.13333333333333333,0.23333333333333334,0.06666666666666667,0.5,2.142857142857143,1.0,0.035555555555555556,1.5333333333333332,0.6153846153846153,0.22222222222222218,0.3478260869565218,0.39285714285714285
"frozenset({'docker', 'spring', '微服务'})","frozenset({'java', 'redis'})",0.13333333333333333,0.23333333333333334,0.06666666666666667,0.5,2.142857142857143,1.0,0.035555555555555556,1.5333333333333332,0.6153846153846153,0.22222222222222218,0.3478260869565218,0.39285714285714285
"frozenset({'docker', 'java', '微服务'})","frozenset({'spring', 'mysql'})",0.13333333333333333,0.23333333333333334,0.06666666666666667,0.5,2.142857142857143,1.0,0.035555555555555556,1.5333333333333332,0.6153846153846153,0.22222222222222218,0.3478260869565218,0.39285714285714285
"frozenset({'docker', 'mysql', 'java'})","frozenset({'spring', '微服务'})",0.13333333333333333,0.23333333333333334,0.06666666666666667,0.5,2.142857142857143,1.0,0.035555555555555556,1.5333333333333332,0.6153846153846153,0.22222222222222218,0.3478260869565218,0.39285714285714285
"frozenset({'docker', '微服务'})","frozenset({'spring', 'java', 'mysql'})",0.13333333333333333,0.23333333333333334,0.06666666666666667,0.5,2.142857142857143,1.0,0.035555555555555556,1.5333333333333332,0.6153846153846153,0.22222222222222218,0.3478260869565218,0.39285714285714285
"frozenset({'docker', 'mysql'})","frozenset({'spring', 'java', '微服务'})",0.13333333333333333,0.23333333333333334,0.06666666666666667,0.5,2.142857142857143,1.0,0.035555555555555556,1.5333333333333332,0.6153846153846153,0.22222222222222218,0.3478260869565218,0.39285714285714285
frozenset({'java'}),frozenset({'docker'}),0.4666666666666667,0.2,0.2,0.4285714285714286,2.142857142857143,1.0,0.10666666666666667,1.4000000000000001,1.0,0.42857142857142855,0.2857142857142857,0.7142857142857143
frozenset({'java'}),"frozenset({'docker', 'spring'})",0.4666666666666667,0.2,0.2,0.4285714285714286,2.142857142857143,1.0,0.10666666666666667,1.4000000000000001,1.0,0.42857142857142855,0.2857142857142857,0.7142857142857143
frozenset({'java'}),frozenset({'分布式'}),0.4666666666666667,0.16666666666666666,0.16666666666666666,0.3571428571428571,2.142857142857143,1.0,0.08888888888888888,1.2962962962962963,1.0,0.3571428571428571,0.2285714285714285,0.6785714285714286
frozenset({'java'}),"frozenset({'分布式', 'redis'})",0.4666666666666667,0.16666666666666666,0.16666666666666666,0.3571428571428571,2.142857142857143,1.0,0.08888888888888888,1.2962962962962963,1.0,0.3571428571428571,0.2285714285714285,0.6785714285714286
frozenset({'java'}),"frozenset({'分布式', 'kafka'})",0.4666666666666667,0.16666666666666666,0.16666666666666666,0.3571428571428571,2.142857142857143,1.0,0.08888888888888888,1.2962962962962963,1.0,0.3571428571428571,0.2285714285714285,0.6785714285714286
frozenset({'java'}),"frozenset({'分布式', 'redis', 'kafka'})",0.4666666666666667,0.16666666666666666,0.16666666666666666,0.3571428571428571,2.142857142857143,1.0,0.08888888888888888,1.2962962962962963,1.0,0.3571428571428571,0.2285714285714285,0.6785714285714286
frozenset({'java'}),"frozenset({'redis', 'kafka'})",0.4666666666666667,0.16666666666666666,0.16666666666666666,0.3571428571428571,2.142857142857143,1.0,0.08888888888888888,1.2962962962962963,1.0,0.3571428571428571,0.2285714285714285,0.6785714285714286
frozenset({'java'}),"frozenset({'spring', 'redis'})",0.4666666666666667,0.16666666666666666,0.16666666666666666,0.3571428571428571,2.142857142857143,1.0,0.08888888888888888,1.2962962962962963,1.0,0.3571428571428571,0.2285714285714285,0.6785714285714286
frozenset({'java'}),"frozenset({'redis', '微服务'})",0.4666666666666667,0.16666666666666666,0.16666666666666666,0.3571428571428571,2.142857142857143,1.0,0.08888888888888888,1.2962962962962963,1.0,0.3571428571428571,0.2285714285714285,0.6785714285714286
"frozenset({'redis', '微服务'})",frozenset({'spring'}),0.16666666666666666,0.4,0.13333333333333333,0.8,2.0,1.0,0.06666666666666667,3.0000000000000004,0.6,0.30769230769230765,0.6666666666666667,0.5666666666666667
"frozenset({'redis', 'java', '微服务'})",frozenset({'spring'}),0.16666666666666666,0.4,0.13333333333333333,0.8,2.0,1.0,0.06666666666666667,3.0000000000000004,0.6,0.30769230769230765,0.6666666666666667,0.5666666666666667
"frozenset({'redis', '微服务'})","frozenset({'spring', 'java'})",0.16666666666666666,0.4,0.13333333333333333,0.8,2.0,1.0,0.06666666666666667,3.0000000000000004,0.6,0.30769230769230765,0.6666666666666667,0.5666666666666667
"frozenset({'spring', 'redis'})",frozenset({'docker'}),0.16666666666666666,0.2,0.06666666666666667,0.4,2.0,1.0,0.03333333333333333,1.3333333333333335,0.6,0.22222222222222218,0.25,0.3666666666666667
"frozenset({'redis', '微服务'})",frozenset({'docker'}),0.16666666666666666,0.2,0.06666666666666667,0.4,2.0,1.0,0.03333333333333333,1.3333333333333335,0.6,0.22222222222222218,0.25,0.3666666666666667
"frozenset({'redis', '微服务'})","frozenset({'docker', 'spring'})",0.16666666666666666,0.2,0.06666666666666667,0.4,2.0,1.0,0.03333333333333333,1.3333333333333335,0.6,0.22222222222222218,0.25,0.3666666666666667
"frozenset({'redis', 'java', '微服务'})",frozenset({'docker'}),0.16666666666666666,0.2,0.06666666666666667,0.4,2.0,1.0,0.03333333333333333,1.3333333333333335,0.6,0.22222222222222218,0.25,0.3666666666666667
"frozenset({'redis', '微服务'})","frozenset({'docker', 'java'})",0.16666666666666666,0.2,0.06666666666666667,0.4,2.0,1.0,0.03333333333333333,1.3333333333333335,0.6,0.22222222222222218,0.25,0.3666666666666667
"frozenset({'spring', 'java', 'redis'})",frozenset({'docker'}),0.16666666666666666,0.2,0.06666666666666667,0.4,2.0,1.0,0.03333333333333333,1.3333333333333335,0.6,0.22222222222222218,0.25,0.3666666666666667
"frozenset({'spring', 'redis'})","frozenset({'docker', 'java'})",0.16666666666666666,0.2,0.06666666666666667,0.4,2.0,1.0,0.03333333333333333,1.3333333333333335,0.6,0.22222222222222218,0.25,0.3666666666666667
"frozenset({'redis', 'java', '微服务'})","frozenset({'docker', 'spring'})",0.16666666666666666,0.2,0.06666666666666667,0.4,2.0,1.0,0.03333333333333333,1.3333333333333335,0.6,0.22222222222222218,0.25,0.3666666666666667
"frozenset({'redis', '微服务'})","frozenset({'docker', 'spring', 'java'})",0.16666666666666666,0.2,0.06666666666666667,0.4,2.0,1.0,0.03333333333333333,1.3333333333333335,0.6,0.22222222222222218,0.25,0.3666666666666667
frozenset({'spring'}),"frozenset({'redis', '微服务'})",0.4,0.16666666666666666,0.13333333333333333,0.3333333333333333,2.0,1.0,0.06666666666666667,1.25,0.8333333333333333,0.30769230769230765,0.19999999999999998,0.5666666666666667
"frozenset({'spring', 'java'})","frozenset({'redis', '微服务'})",0.4,0.16666666666666666,0.13333333333333333,0.3333333333333333,2.0,1.0,0.06666666666666667,1.25,0.8333333333333333,0.30769230769230765,0.19999999999999998,0.5666666666666667
frozenset({'spring'}),"frozenset({'redis', 'java', '微服务'})",0.4,0.16666666666666666,0.13333333333333333,0.3333333333333333,2.0,1.0,0.06666666666666667,1.25,0.8333333333333333,0.30769230769230765,0.19999999999999998,0.5666666666666667
frozenset({'docker'}),"frozenset({'spring', 'redis'})",0.2,0.16666666666666666,0.06666666666666667,0.3333333333333333,2.0,1.0,0.03333333333333333,1.25,0.625,0.22222222222222218,0.19999999999999998,0.3666666666666667
frozenset({'docker'}),"frozenset({'redis', '微服务'})",0.2,0.16666666666666666,0.06666666666666667,0.3333333333333333,2.0,1.0,0.03333333333333333,1.25,0.625,0.22222222222222218,0.19999999999999998,0.3666666666666667
"frozenset({'docker', 'spring'})","frozenset({'redis', '微服务'})",0.2,0.16666666666666666,0.06666666666666667,0.3333333333333333,2.0,1.0,0.03333333333333333,1.25,0.625,0.22222222222222218,0.19999999999999998,0.3666666666666667
"frozenset({'docker', 'java'})","frozenset({'redis', '微服务'})",0.2,0.16666666666666666,0.06666666666666667,0.3333333333333333,2.0,1.0,0.03333333333333333,1.25,0.625,0.22222222222222218,0.19999999999999998,0.3666666666666667
frozenset({'docker'}),"frozenset({'redis', 'java', '微服务'})",0.2,0.16666666666666666,0.06666666666666667,0.3333333333333333,2.0,1.0,0.03333333333333333,1.25,0.625,0.22222222222222218,0.19999999999999998,0.3666666666666667
"frozenset({'docker', 'java'})","frozenset({'spring', 'redis'})",0.2,0.16666666666666666,0.06666666666666667,0.3333333333333333,2.0,1.0,0.03333333333333333,1.25,0.625,0.22222222222222218,0.19999999999999998,0.3666666666666667
frozenset({'docker'}),"frozenset({'spring', 'java', 'redis'})",0.2,0.16666666666666666,0.06666666666666667,0.3333333333333333,2.0,1.0,0.03333333333333333,1.25,0.625,0.22222222222222218,0.19999999999999998,0.3666666666666667
"frozenset({'docker', 'spring', 'java'})","frozenset({'redis', '微服务'})",0.2,0.16666666666666666,0.06666666666666667,0.3333333333333333,2.0,1.0,0.03333333333333333,1.25,0.625,0.22222222222222218,0.19999999999999998,0.3666666666666667
"frozenset({'docker', 'spring'})","frozenset({'redis', 'java', '微服务'})",0.2,0.16666666666666666,0.06666666666666667,0.3333333333333333,2.0,1.0,0.03333333333333333,1.25,0.625,0.22222222222222218,0.19999999999999998,0.3666666666666667
frozenset({'kafka'}),"frozenset({'java', '微服务'})",0.2,0.26666666666666666,0.1,0.5,1.875,1.0,0.04666666666666667,1.4666666666666668,0.5833333333333333,0.2727272727272727,0.3181818181818182,0.4375
frozenset({'kafka'}),frozenset({'微服务'}),0.2,0.26666666666666666,0.1,0.5,1.875,1.0,0.04666666666666667,1.4666666666666668,0.5833333333333333,0.2727272727272727,0.3181818181818182,0.4375
"frozenset({'docker', 'mysql'})",frozenset({'微服务'}),0.13333333333333333,0.26666666666666666,0.06666666666666667,0.5,1.875,1.0,0.03111111111111111,1.4666666666666668,0.5384615384615384,0.19999999999999998,0.3181818181818182,0.375
"frozenset({'docker', '微服务'})",frozenset({'mysql'}),0.13333333333333333,0.26666666666666666,0.06666666666666667,0.5,1.875,1.0,0.03111111111111111,1.4666666666666668,0.5384615384615384,0.19999999999999998,0.3181818181818182,0.375
"frozenset({'docker', 'mysql', 'java'})",frozenset({'微服务'}),0.13333333333333333,0.26666666666666666,0.06666666666666667,0.5,1.875,1.0,0.03111111111111111,1.4666666666666668,0.5384615384615384,0.19999999999999998,0.3181818181818182,0.375
"frozenset({'docker', 'java', '微服务'})",frozenset({'mysql'}),0.13333333333333333,0.26666666666666666,0.06666666666666667,0.5,1.875,1.0,0.03111111111111111,1.4666666666666668,0.5384615384615384,0.19999999999999998,0.3181818181818182,0.375
"frozenset({'docker', 'mysql'})","frozenset({'java', '微服务'})",0.13333333333333333,0.26666666666666666,0.06666666666666667,0.5,1.875,1.0,0.03111111111111111,1.4666666666666668,0.5384615384615384,0.19999999999999998,0.3181818181818182,0.375
"frozenset({'docker', '微服务'})","frozenset({'mysql', 'java'})",0.13333333333333333,0.26666666666666666,0.06666666666666667,0.5,1.875,1.0,0.03111111111111111,1.4666666666666668,0.5384615384615384,0.19999999999999998,0.3181818181818182,0.375
"frozenset({'docker', 'spring', '微服务'})",frozenset({'mysql'}),0.13333333333333333,0.26666666666666666,0.06666666666666667,0.5,1.875,1.0,0.03111111111111111,1.4666666666666668,0.5384615384615384,0.19999999999999998,0.3181818181818182,0.375
"frozenset({'docker', 'spring', 'mysql'})",frozenset({'微服务'}),0.13333333333333333,0.26666666666666666,0.06666666666666667,0.5,1.875,1.0,0.03111111111111111,1.4666666666666668,0.5384615384615384,0.19999999999999998,0.3181818181818182,0.375
"frozenset({'docker', 'spring', 'java', '微服务'})",frozenset({'mysql'}),0.13333333333333333,0.26666666666666666,0.06666666666666667,0.5,1.875,1.0,0.03111111111111111,1.4666666666666668,0.5384615384615384,0.19999999999999998,0.3181818181818182,0.375
"frozenset({'docker', 'spring', 'java', 'mysql'})",frozenset({'微服务'}),0.13333333333333333,0.26666666666666666,0.06666666666666667,0.5,1.875,1.0,0.03111111111111111,1.4666666666666668,0.5384615384615384,0.19999999999999998,0.3181818181818182,0.375
"frozenset({'docker', 'spring', '微服务'})","frozenset({'mysql', 'java'})",0.13333333333333333,0.26666666666666666,0.06666666666666667,0.5,1.875,1.0,0.03111111111111111,1.4666666666666668,0.5384615384615384,0.19999999999999998,0.3181818181818182,0.375
"frozenset({'docker', 'spring', 'mysql'})","frozenset({'java', '微服务'})",0.13333333333333333,0.26666666666666666,0.06666666666666667,0.5,1.875,1.0,0.03111111111111111,1.4666666666666668,0.5384615384615384,0.19999999999999998,0.3181818181818182,0.375
"frozenset({'java', '微服务'})",frozenset({'kafka'}),0.26666666666666666,0.2,0.1,0.375,1.875,1.0,0.04666666666666667,1.28,0.6363636363636362,0.2727272727272727,0.21874999999999997,0.4375
frozenset({'微服务'}),frozenset({'kafka'}),0.26666666666666666,0.2,0.1,0.375,1.875,1.0,0.04666666666666667,1.28,0.6363636363636362,0.2727272727272727,0.21874999999999997,0.4375
frozenset({'kafka'}),frozenset({'java'}),0.2,0.4666666666666667,0.16666666666666666,0.8333333333333333,1.7857142857142856,1.0,0.07333333333333332,3.1999999999999984,0.5499999999999999,0.33333333333333326,0.6874999999999999,0.5952380952380951
frozenset({'spring'}),frozenset({'redis'}),0.4,0.23333333333333334,0.16666666666666666,0.41666666666666663,1.7857142857142856,1.0,0.07333333333333332,1.314285714285714,0.7333333333333333,0.3571428571428571,0.23913043478260865,0.5654761904761905
"frozenset({'spring', 'java'})",frozenset({'redis'}),0.4,0.23333333333333334,0.16666666666666666,0.41666666666666663,1.7857142857142856,1.0,0.07333333333333332,1.314285714285714,0.7333333333333333,0.3571428571428571,0.23913043478260865,0.5654761904761905
frozenset({'spring'}),"frozenset({'java', 'redis'})",0.4,0.23333333333333334,0.16666666666666666,0.41666666666666663,1.7857142857142856,1.0,0.07333333333333332,1.314285714285714,0.7333333333333333,0.3571428571428571,0.23913043478260865,0.5654761904761905
frozenset({'redis'}),frozenset({'spring'}),0.23333333333333334,0.4,0.16666666666666666,0.7142857142857142,1.7857142857142854,1.0,0.07333333333333332,2.099999999999999,0.5739130434782608,0.3571428571428571,0.5238095238095236,0.5654761904761905
"frozenset({'java', 'redis'})",frozenset({'spring'}),0.23333333333333334,0.4,0.16666666666666666,0.7142857142857142,1.7857142857142854,1.0,0.07333333333333332,2.099999999999999,0.5739130434782608,0.3571428571428571,0.5238095238095236,0.5654761904761905
frozenset({'redis'}),"frozenset({'spring', 'java'})",0.23333333333333334,0.4,0.16666666666666666,0.7142857142857142,1.7857142857142854,1.0,0.07333333333333332,2.099999999999999,0.5739130434782608,0.3571428571428571,0.5238095238095236,0.5654761904761905
frozenset({'java'}),frozenset({'kafka'}),0.4666666666666667,0.2,0.16666666666666666,0.3571428571428571,1.7857142857142854,1.0,0.07333333333333332,1.2444444444444445,0.825,0.33333333333333326,0.19642857142857134,0.5952380952380951
"frozenset({'java', 'kafka'})","frozenset({'spring', '微服务'})",0.16666666666666666,0.23333333333333334,0.06666666666666667,0.4,1.7142857142857144,1.0,0.027777777777777776,1.2777777777777777,0.49999999999999994,0.19999999999999998,0.21739130434782614,0.34285714285714286
frozenset({'分布式'}),"frozenset({'spring', '微服务'})",0.16666666666666666,0.23333333333333334,0.06666666666666667,0.4,1.7142857142857144,1.0,0.027777777777777776,1.2777777777777777,0.49999999999999994,0.19999999999999998,0.21739130434782614,0.34285714285714286
"frozenset({'redis', 'kafka'})","frozenset({'spring', '微服务'})",0.16666666666666666,0.23333333333333334,0.06666666666666667,0.4,1.7142857142857144,1.0,0.027777777777777776,1.2777777777777777,0.49999999999999994,0.19999999999999998,0.21739130434782614,0.34285714285714286
"frozenset({'分布式', 'kafka'})","frozenset({'spring', '微服务'})",0.16666666666666666,0.23333333333333334,0.06666666666666667,0.4,1.7142857142857144,1.0,0.027777777777777776,1.2777777777777777,0.49999999999999994,0.19999999999999998,0.21739130434782614,0.34285714285714286
"frozenset({'分布式', 'java'})","frozenset({'spring', '微服务'})",0.16666666666666666,0.23333333333333334,0.06666666666666667,0.4,1.7142857142857144,1.0,0.027777777777777776,1.2777777777777777,0.49999999999999994,0.19999999999999998,0.21739130434782614,0.34285714285714286
frozenset({'分布式'}),"frozenset({'spring', 'java', '微服务'})",0.16666666666666666,0.23333333333333334,0.06666666666666667,0.4,1.7142857142857144,1.0,0.027777777777777776,1.2777777777777777,0.49999999999999994,0.19999999999999998,0.21739130434782614,0.34285714285714286
"frozenset({'分布式', 'redis'})","frozenset({'spring', '微服务'})",0.16666666666666666,0.23333333333333334,0.06666666666666667,0.4,1.7142857142857144,1.0,0.027777777777777776,1.2777777777777777,0.49999999999999994,0.19999999999999998,0.21739130434782614,0.34285714285714286
"frozenset({'java', 'redis', 'kafka'})","frozenset({'spring', '微服务'})",0.16666666666666666,0.23333333333333334,0.06666666666666667,0.4,1.7142857142857144,1.0,0.027777777777777776,1.2777777777777777,0.49999999999999994,0.19999999999999998,0.21739130434782614,0.34285714285714286
"frozenset({'redis', 'kafka'})","frozenset({'spring', 'java', '微服务'})",0.16666666666666666,0.23333333333333334,0.06666666666666667,0.4,1.7142857142857144,1.0,0.027777777777777776,1.2777777777777777,0.49999999999999994,0.19999999999999998,0.21739130434782614,0.34285714285714286
"frozenset({'分布式', 'java', 'kafka'})","frozenset({'spring', '微服务'})",0.16666666666666666,0.23333333333333334,0.06666666666666667,0.4,1.7142857142857144,1.0,0.027777777777777776,1.2777777777777777,0.49999999999999994,0.19999999999999998,0.21739130434782614,0.34285714285714286
"frozenset({'分布式', 'kafka'})","frozenset({'spring', 'java', '微服务'})",0.16666666666666666,0.23333333333333334,0.06666666666666667,0.4,1.7142857142857144,1.0,0.027777777777777776,1.2777777777777777,0.49999999999999994,0.19999999999999998,0.21739130434782614,0.34285714285714286
"frozenset({'分布式', 'java', 'redis'})","frozenset({'spring', '微服务'})",0.16666666666666666,0.23333333333333334,0.06666666666666667,0.4,1.7142857142857144,1.0,0.027777777777777776,1.2777777777777777,0.49999999999999994,0.19999999999999998,0.21739130434782614,0.34285714285714286
"frozenset({'分布式', 'redis'})","frozenset({'spring', 'java', '微服务'})",0.16666666666666666,0.23333333333333334,0.06666666666666667,0.4,1.7142857142857144,1.0,0.027777777777777776,1.2777777777777777,0.49999999999999994,0.19999999999999998,0.21739130434782614,0.34285714285714286
"frozenset({'分布式', 'redis', 'kafka'})","frozenset({'spring', '微服务'})",0.16666666666666666,0.23333333333333334,0.06666666666666667,0.4,1.7142857142857144,1.0,0.027777777777777776,1.2777777777777777,0.49999999999999994,0.19999999999999998,0.21739130434782614,0.34285714285714286
"frozenset({'分布式', 'java', 'redis', 'kafka'})","frozenset({'spring', '微服务'})",0.16666666666666666,0.23333333333333334,0.06666666666666667,0.4,1.7142857142857144,1.0,0.027777777777777776,1.2777777777777777,0.49999999999999994,0.19999999999999998,0.21739130434782614,0.34285714285714286
"frozenset({'分布式', 'redis', 'kafka'})","frozenset({'spring', 'java', '微服务'})",0.16666666666666666,0.23333333333333334,0.06666666666666667,0.4,1.7142857142857144,1.0,0.027777777777777776,1.2777777777777777,0.49999999999999994,0.19999999999999998,0.21739130434782614,0.34285714285714286
"frozenset({'微服务', 'kafka'})",frozenset({'spring'}),0.1,0.4,0.06666666666666667,0.6666666666666666,1.6666666666666665,1.0,0.026666666666666658,1.7999999999999998,0.4444444444444443,0.15384615384615383,0.44444444444444436,0.41666666666666663
"frozenset({'java', '微服务', 'kafka'})",frozenset({'spring'}),0.1,0.4,0.06666666666666667,0.6666666666666666,1.6666666666666665,1.0,0.026666666666666658,1.7999999999999998,0.4444444444444443,0.15384615384615383,0.44444444444444436,0.41666666666666663
"frozenset({'微服务', 'kafka'})","frozenset({'spring', 'java'})",0.1,0.4,0.06666666666666667,0.6666666666666666,1.6666666666666665,1.0,0.026666666666666658,1.7999999999999998,0.4444444444444443,0.15384615384615383,0.44444444444444436,0.41666666666666663
"frozenset({'分布式', '微服务'})",frozenset({'spring'}),0.1,0.4,0.06666666666666667,0.6666666666666666,1.6666666666666665,1.0,0.026666666666666658,1.7999999999999998,0.4444444444444443,0.15384615384615383,0.44444444444444436,0.41666666666666663
"frozenset({'redis', '微服务', 'kafka'})",frozenset({'spring'}),0.1,0.4,0.06666666666666667,0.6666666666666666,1.6666666666666665,1.0,0.026666666666666658,1.7999999999999998,0.4444444444444443,0.15384615384615383,0.44444444444444436,0.41666666666666663
"frozenset({'分布式', '微服务', 'kafka'})",frozenset({'spring'}),0.1,0.4,0.06666666666666667,0.6666666666666666,1.6666666666666665,1.0,0.026666666666666658,1.7999999999999998,0.4444444444444443,0.15384615384615383,0.44444444444444436,0.41666666666666663
"frozenset({'分布式', 'java', '微服务'})",frozenset({'spring'}),0.1,0.4,0.06666666666666667,0.6666666666666666,1.6666666666666665,1.0,0.026666666666666658,1.7999999999999998,0.4444444444444443,0.15384615384615383,0.44444444444444436,0.41666666666666663
"frozenset({'分布式', '微服务'})","frozenset({'spring', 'java'})",0.1,0.4,0.06666666666666667,0.6666666666666666,1.6666666666666665,1.0,0.026666666666666658,1.7999999999999998,0.4444444444444443,0.15384615384615383,0.44444444444444436,0.41666666666666663
"frozenset({'分布式', 'redis', '微服务'})",frozenset({'spring'}),0.1,0.4,0.06666666666666667,0.6666666666666666,1.6666666666666665,1.0,0.026666666666666658,1.7999999999999998,0.4444444444444443,0.15384615384615383,0.44444444444444436,0.41666666666666663
"frozenset({'redis', 'java', '微服务', 'kafka'})",frozenset({'spring'}),0.1,0.4,0.06666666666666667,0.6666666666666666,1.6666666666666665,1.0,0.026666666666666658,1.7999999999999998,0.4444444444444443,0.15384615384615383,0.44444444444444436,0.41666666666666663
"frozenset({'redis', '微服务', 'kafka'})","frozenset({'spring', 'java'})",0.1,0.4,0.06666666666666667,0.6666666666666666,1.6666666666666665,1.0,0.026666666666666658,1.7999999999999998,0.4444444444444443,0.15384615384615383,0.44444444444444436,0.41666666666666663
"frozenset({'分布式', 'java', '微服务', 'kafka'})",frozenset({'spring'}),0.1,0.4,0.06666666666666667,0.6666666666666666,1.6666666666666665,1.0,0.026666666666666658,1.7999999999999998,0.4444444444444443,0.15384615384615383,0.44444444444444436,0.41666666666666663
"frozenset({'分布式', '微服务', 'kafka'})","frozenset({'spring', 'java'})",0.1,0.4,0.06666666666666667,0.6666666666666666,1.6666666666666665,1.0,0.026666666666666658,1.7999999999999998,0.4444444444444443,0.15384615384615383,0.44444444444444436,0.41666666666666663
"frozenset({'redis', '分布式', 'java', '微服务'})",frozenset({'spring'}),0.1,0.4,0.06666666666666667,0.6666666666666666,1.6666666666666665,1.0,0.026666666666666658,1.7999999999999998,0.4444444444444443,0.15384615384615383,0.44444444444444436,0.41666666666666663
"frozenset({'分布式', 'redis', '微服务'})","frozenset({'spring', 'java'})",0.1,0.4,0.06666666666666667,0.6666666666666666,1.6666666666666665,1.0,0.026666666666666658,1.7999999999999998,0.4444444444444443,0.15384615384615383,0.44444444444444436,0.41666666666666663
"frozenset({'分布式', 'redis', '微服务', 'kafka'})",frozenset({'spring'}),0.1,0.4,0.06666666666666667,0.6666666666666666,1.6666666666666665,1.0,0.026666666666666658,1.7999999999999998,0.4444444444444443,0.15384615384615383,0.44444444444444436,0.41666666666666663
"frozenset({'java', 'kafka', '分布式', '微服务', 'redis'})",frozenset({'spring'}),0.1,0.4,0.06666666666666667,0.6666666666666666,1.6666666666666665,1.0,0.026666666666666658,1.7999999999999998,0.4444444444444443,0.15384615384615383,0.44444444444444436,0.41666666666666663
"frozenset({'微服务', '分布式', 'redis', 'kafka'})","frozenset({'spring', 'java'})",0.1,0.4,0.06666666666666667,0.6666666666666666,1.6666666666666665,1.0,0.026666666666666658,1.7999999999999998,0.4444444444444443,0.15384615384615383,0.44444444444444436,0.41666666666666663
"frozenset({'spring', 'java', '微服务'})",frozenset({'mysql'}),0.23333333333333334,0.26666666666666666,0.1,0.4285714285714286,1.6071428571428572,1.0,0.037777777777777785,1.2833333333333334,0.49275362318840593,0.25,0.2207792207792208,0.4017857142857143
"frozenset({'spring', 'java', 'mysql'})",frozenset({'微服务'}),0.23333333333333334,0.26666666666666666,0.1,0.4285714285714286,1.6071428571428572,1.0,0.037777777777777785,1.2833333333333334,0.49275362318840593,0.25,0.2207792207792208,0.4017857142857143
"frozenset({'spring', '微服务'})","frozenset({'mysql', 'java'})",0.23333333333333334,0.26666666666666666,0.1,0.4285714285714286,1.6071428571428572,1.0,0.037777777777777785,1.2833333333333334,0.49275362318840593,0.25,0.2207792207792208,0.4017857142857143
"frozenset({'spring', 'mysql'})","frozenset({'java', '微服务'})",0.23333333333333334,0.26666666666666666,0.1,0.4285714285714286,1.6071428571428572,1.0,0.037777777777777785,1.2833333333333334,0.49275362318840593,0.25,0.2207792207792208,0.4017857142857143
"frozenset({'spring', '微服务'})",frozenset({'mysql'}),0.23333333333333334,0.26666666666666666,0.1,0.4285714285714286,1.6071428571428572,1.0,0.037777777777777785,1.2833333333333334,0.49275362318840593,0.25,0.2207792207792208,0.4017857142857143
"frozenset({'spring', 'mysql'})",frozenset({'微服务'}),0.23333333333333334,0.26666666666666666,0.1,0.4285714285714286,1.6071428571428572,1.0,0.037777777777777785,1.2833333333333334,0.49275362318840593,0.25,0.2207792207792208,0.4017857142857143
"frozenset({'java', '微服务'})","frozenset({'spring', 'mysql'})",0.26666666666666666,0.23333333333333334,0.1,0.375,1.6071428571428572,1.0,0.037777777777777785,1.2266666666666666,0.5151515151515151,0.25,0.1847826086956522,0.4017857142857143
"frozenset({'mysql', 'java'})","frozenset({'spring', '微服务'})",0.26666666666666666,0.23333333333333334,0.1,0.375,1.6071428571428572,1.0,0.037777777777777785,1.2266666666666666,0.5151515151515151,0.25,0.1847826086956522,0.4017857142857143
frozenset({'微服务'}),"frozenset({'spring', 'java', 'mysql'})",0.26666666666666666,0.23333333333333334,0.1,0.375,1.6071428571428572,1.0,0.037777777777777785,1.2266666666666666,0.5151515151515151,0.25,0.1847826086956522,0.4017857142857143
frozenset({'mysql'}),"frozenset({'spring', 'java', '微服务'})",0.26666666666666666,0.23333333333333334,0.1,0.375,1.6071428571428572,1.0,0.037777777777777785,1.2266666666666666,0.5151515151515151,0.25,0.1847826086956522,0.4017857142857143
frozenset({'微服务'}),"frozenset({'spring', 'mysql'})",0.26666666666666666,0.23333333333333334,0.1,0.375,1.6071428571428572,1.0,0.037777777777777785,1.2266666666666666,0.5151515151515151,0.25,0.1847826086956522,0.4017857142857143
frozenset({'mysql'}),"frozenset({'spring', '微服务'})",0.26666666666666666,0.23333333333333334,0.1,0.375,1.6071428571428572,1.0,0.037777777777777785,1.2266666666666666,0.5151515151515151,0.25,0.1847826086956522,0.4017857142857143
"frozenset({'redis', 'kafka'})",frozenset({'spring'}),0.16666666666666666,0.4,0.1,0.6000000000000001,1.5000000000000002,1.0,0.03333333333333334,1.5000000000000002,0.4,0.2142857142857143,0.3333333333333335,0.42500000000000004
frozenset({'分布式'}),frozenset({'spring'}),0.16666666666666666,0.4,0.1,0.6000000000000001,1.5000000000000002,1.0,0.03333333333333334,1.5000000000000002,0.4,0.2142857142857143,0.3333333333333335,0.42500000000000004
"frozenset({'分布式', 'redis'})",frozenset({'spring'}),0.16666666666666666,0.4,0.1,0.6000000000000001,1.5000000000000002,1.0,0.03333333333333334,1.5000000000000002,0.4,0.2142857142857143,0.3333333333333335,0.42500000000000004
"frozenset({'java', 'redis', 'kafka'})",frozenset({'spring'}),0.16666666666666666,0.4,0.1,0.6000000000000001,1.5000000000000002,1.0,0.03333333333333334,1.5000000000000002,0.4,0.2142857142857143,0.3333333333333335,0.42500000000000004
"frozenset({'redis', 'kafka'})","frozenset({'spring', 'java'})",0.16666666666666666,0.4,0.1,0.6000000000000001,1.5000000000000002,1.0,0.03333333333333334,1.5000000000000002,0.4,0.2142857142857143,0.3333333333333335,0.42500000000000004
"frozenset({'分布式', 'java', 'kafka'})",frozenset({'spring'}),0.16666666666666666,0.4,0.1,0.6000000000000001,1.5000000000000002,1.0,0.03333333333333334,1.5000000000000002,0.4,0.2142857142857143,0.3333333333333335,0.42500000000000004
"frozenset({'分布式', 'kafka'})","frozenset({'spring', 'java'})",0.16666666666666666,0.4,0.1,0.6000000000000001,1.5000000000000002,1.0,0.03333333333333334,1.5000000000000002,0.4,0.2142857142857143,0.3333333333333335,0.42500000000000004
"frozenset({'分布式', 'java'})",frozenset({'spring'}),0.16666666666666666,0.4,0.1,0.6000000000000001,1.5000000000000002,1.0,0.03333333333333334,1.5000000000000002,0.4,0.2142857142857143,0.3333333333333335,0.42500000000000004
frozenset({'分布式'}),"frozenset({'spring', 'java'})",0.16666666666666666,0.4,0.1,0.6000000000000001,1.5000000000000002,1.0,0.03333333333333334,1.5000000000000002,0.4,0.2142857142857143,0.3333333333333335,0.42500000000000004
"frozenset({'分布式', 'java', 'redis', 'kafka'})",frozenset({'spring'}),0.16666666666666666,0.4,0.1,0.6000000000000001,1.5000000000000002,1.0,0.03333333333333334,1.5000000000000002,0.4,0.2142857142857143,0.3333333333333335,0.42500000000000004
"frozenset({'分布式', 'redis', 'kafka'})","frozenset({'spring', 'java'})",0.16666666666666666,0.4,0.1,0.6000000000000001,1.5000000000000002,1.0,0.03333333333333334,1.5000000000000002,0.4,0.2142857142857143,0.3333333333333335,0.42500000000000004
"frozenset({'分布式', 'java', 'redis'})",frozenset({'spring'}),0.16666666666666666,0.4,0.1,0.6000000000000001,1.5000000000000002,1.0,0.03333333333333334,1.5000000000000002,0.4,0.2142857142857143,0.3333333333333335,0.42500000000000004
"frozenset({'分布式', 'redis'})","frozenset({'spring', 'java'})",0.16666666666666666,0.4,0.1,0.6000000000000001,1.5000000000000002,1.0,0.03333333333333334,1.5000000000000002,0.4,0.2142857142857143,0.3333333333333335,0.42500000000000004
"frozenset({'分布式', 'redis', 'kafka'})",frozenset({'spring'}),0.16666666666666666,0.4,0.1,0.6000000000000001,1.5000000000000002,1.0,0.03333333333333334,1.5000000000000002,0.4,0.2142857142857143,0.3333333333333335,0.42500000000000004
"frozenset({'分布式', 'kafka'})",frozenset({'spring'}),0.16666666666666666,0.4,0.1,0.6000000000000001,1.5000000000000002,1.0,0.03333333333333334,1.5000000000000002,0.4,0.2142857142857143,0.3333333333333335,0.42500000000000004
"frozenset({'java', 'kafka'})",frozenset({'spring'}),0.16666666666666666,0.4,0.1,0.6000000000000001,1.5000000000000002,1.0,0.03333333333333334,1.5000000000000002,0.4,0.2142857142857143,0.3333333333333335,0.42500000000000004
frozenset({'docker'}),frozenset({'redis'}),0.2,0.23333333333333334,0.06666666666666667,0.3333333333333333,1.4285714285714284,1.0,0.019999999999999997,1.1499999999999997,0.37499999999999994,0.1818181818181818,0.13043478260869562,0.30952380952380953
frozenset({'kafka'}),"frozenset({'spring', '微服务'})",0.2,0.23333333333333334,0.06666666666666667,0.3333333333333333,1.4285714285714284,1.0,0.019999999999999997,1.1499999999999997,0.37499999999999994,0.1818181818181818,0.13043478260869562,0.30952380952380953
"frozenset({'docker', 'java'})",frozenset({'redis'}),0.2,0.23333333333333334,0.06666666666666667,0.3333333333333333,1.4285714285714284,1.0,0.019999999999999997,1.1499999999999997,0.37499999999999994,0.1818181818181818,0.13043478260869562,0.30952380952380953
frozenset({'docker'}),"frozenset({'java', 'redis'})",0.2,0.23333333333333334,0.06666666666666667,0.3333333333333333,1.4285714285714284,1.0,0.019999999999999997,1.1499999999999997,0.37499999999999994,0.1818181818181818,0.13043478260869562,0.30952380952380953
"frozenset({'docker', 'spring'})",frozenset({'redis'}),0.2,0.23333333333333334,0.06666666666666667,0.3333333333333333,1.4285714285714284,1.0,0.019999999999999997,1.1499999999999997,0.37499999999999994,0.1818181818181818,0.13043478260869562,0.30952380952380953
frozenset({'kafka'}),"frozenset({'spring', 'java', '微服务'})",0.2,0.23333333333333334,0.06666666666666667,0.3333333333333333,1.4285714285714284,1.0,0.019999999999999997,1.1499999999999997,0.37499999999999994,0.1818181818181818,0.13043478260869562,0.30952380952380953
"frozenset({'docker', 'spring', 'java'})",frozenset({'redis'}),0.2,0.23333333333333334,0.06666666666666667,0.3333333333333333,1.4285714285714284,1.0,0.019999999999999997,1.1499999999999997,0.37499999999999994,0.1818181818181818,0.13043478260869562,0.30952380952380953
"frozenset({'docker', 'spring'})","frozenset({'java', 'redis'})",0.2,0.23333333333333334,0.06666666666666667,0.3333333333333333,1.4285714285714284,1.0,0.019999999999999997,1.1499999999999997,0.37499999999999994,0.1818181818181818,0.13043478260869562,0.30952380952380953
frozenset({'mysql'}),frozenset({'微服务'}),0.26666666666666666,0.26666666666666666,0.1,0.375,1.40625,1.0,0.028888888888888895,1.1733333333333333,0.3939393939393939,0.23076923076923078,0.1477272727272727,0.375
frozenset({'微服务'}),frozenset({'mysql'}),0.26666666666666666,0.26666666666666666,0.1,0.375,1.40625,1.0,0.028888888888888895,1.1733333333333333,0.3939393939393939,0.23076923076923078,0.1477272727272727,0.375
"frozenset({'mysql', 'java'})",frozenset({'微服务'}),0.26666666666666666,0.26666666666666666,0.1,0.375,1.40625,1.0,0.028888888888888895,1.1733333333333333,0.3939393939393939,0.23076923076923078,0.1477272727272727,0.375
"frozenset({'java', '微服务'})",frozenset({'mysql'}),0.26666666666666666,0.26666666666666666,0.1,0.375,1.40625,1.0,0.028888888888888895,1.1733333333333333,0.3939393939393939,0.23076923076923078,0.1477272727272727,0.375
frozenset({'mysql'}),"frozenset({'java', '微服务'})",0.26666666666666666,0.26666666666666666,0.1,0.375,1.40625,1.0,0.028888888888888895,1.1733333333333333,0.3939393939393939,0.23076923076923078,0.1477272727272727,0.375
frozenset({'微服务'}),"frozenset({'mysql', 'java'})",0.26666666666666666,0.26666666666666666,0.1,0.375,1.40625,1.0,0.028888888888888895,1.1733333333333333,0.3939393939393939,0.23076923076923078,0.1477272727272727,0.375
frozenset({'kafka'}),frozenset({'spring'}),0.2,0.4,0.1,0.5,1.25,1.0,0.01999999999999999,1.2,0.24999999999999983,0.19999999999999996,0.16666666666666663,0.375
frozenset({'kafka'}),"frozenset({'spring', 'java'})",0.2,0.4,0.1,0.5,1.25,1.0,0.01999999999999999,1.2,0.24999999999999983,0.19999999999999996,0.16666666666666663,0.375
